,run_number,round_number,turn_number,_action_name
0,0,0,0,leaves_room
1,0,0,1,starts_conversation
2,0,0,2,stands_in_corner
3,0,0,3,stands_in_corner
4,0,0,4,gives_an_insult
5,0,0,5,starts_conversation
6,0,0,6,starts_conversation
7,0,0,7,stands_in_corner
8,0,0,8,starts_conversation
9,0,0,9,starts_conversation
10,0,0,10,starts_conversation
11,0,0,11,starts_conversation
12,0,0,12,starts_conversation
13,0,0,13,starts_conversation
14,0,0,14,stands_in_corner
15,0,0,15,stands_in_corner
16,0,0,16,stands_in_corner
17,0,0,17,leaves_room
18,0,0,18,leaves_room
19,0,0,19,stands_in_corner
20,0,0,20,makes_deeptalk
21,0,0,21,starts_conversation
22,0,0,22,starts_conversation
23,0,0,23,stands_in_corner
24,0,0,24,leaves_room
25,0,0,25,starts_conversation
26,0,0,26,starts_conversation
27,0,0,27,starts_conversation
28,0,0,28,starts_conversation
29,0,0,29,stands_in_corner
30,0,0,30,makes_deeptalk
31,0,0,31,stands_in_corner
32,0,1,32,starts_conversation
33,0,1,33,makes_smalltalk
34,0,1,34,starts_conversation
35,0,1,35,stands_in_corner
36,0,1,36,yawns
37,0,1,37,shows_interest
38,0,1,38,supports
39,0,1,39,leaves_room
40,0,1,40,rants
41,0,1,41,yawns
42,0,1,42,changes_the_topic
43,0,1,43,yawns
44,0,1,44,makes_smalltalk
45,0,1,45,rants
46,0,1,46,stands_in_corner
47,0,1,47,starts_conversation
48,0,1,48,stands_in_corner
49,0,1,49,leaves_room
50,0,1,50,leaves_room
51,0,1,51,leaves_room
52,0,1,52,supports
53,0,1,53,shows_interest
54,0,1,54,shows_concern
55,0,1,55,leaves_room
56,0,1,56,leaves_room
57,0,1,57,yawns
58,0,1,58,rants
59,0,1,59,makes_smalltalk
60,0,1,60,gives_an_insult
61,0,1,61,stands_in_corner
62,0,1,62,shows_interest
63,0,1,63,stands_in_corner
64,0,2,64,yawns
65,0,2,65,shouts
66,0,2,66,makes_deeptalk
67,0,2,67,leaves_room
68,0,2,68,shows_concern
69,0,2,69,rants
70,0,2,70,supports
71,0,2,71,starts_conversation
72,0,2,72,shouts
73,0,2,73,gives_an_insult
74,0,2,74,leaves_conversation
75,0,2,75,shows_interest
76,0,2,76,leaves_conversation
77,0,2,77,gives_controversial_opinion
78,0,2,78,stands_in_corner
79,0,2,79,leaves_conversation
80,0,2,80,stands_in_corner
81,0,2,81,stands_in_corner
82,0,2,82,leaves_room
83,0,2,83,leaves_room
84,0,2,84,stands_in_corner
85,0,2,85,shows_concern
86,0,2,86,shows_concern
87,0,2,87,stands_in_corner
88,0,2,88,starts_conversation
89,0,2,89,leaves_conversation
90,0,2,90,changes_the_topic
91,0,2,91,shows_interest
92,0,2,92,makes_deeptalk
93,0,2,93,stands_in_corner
94,0,2,94,laughs
95,0,2,95,leaves_room
96,0,3,96,yawns
97,0,3,97,shows_interest
98,0,3,98,laughs
99,0,3,99,stands_in_corner
100,0,3,100,shouts
101,0,3,101,rants
102,0,3,102,shows_interest
103,0,3,103,makes_smalltalk
104,0,3,104,gives_controversial_opinion
105,0,3,105,laughs
106,0,3,106,starts_conversation
107,0,3,107,gives_controversial_opinion
108,0,3,108,stands_in_corner
109,0,3,109,makes_deeptalk
110,0,3,110,stands_in_corner
111,0,3,111,leaves_room
112,0,3,112,leaves_room
113,0,3,113,stands_in_corner
114,0,3,114,leaves_room
115,0,3,115,shows_concern
116,0,3,116,leaves_room
117,0,3,117,shows_concern
118,0,3,118,gives_an_insult
119,0,3,119,stands_in_corner
120,0,3,120,supports
121,0,3,121,leaves_room
122,0,3,122,supports
123,0,3,123,shows_concern
124,0,3,124,gives_an_insult
125,0,3,125,stands_in_corner
126,0,3,126,rants
127,0,3,127,starts_conversation
128,0,4,128,yawns
129,0,4,129,makes_smalltalk
130,0,4,130,makes_smalltalk
131,0,4,131,starts_conversation
132,0,4,132,jokes
133,0,4,133,changes_the_topic
134,0,4,134,shouts
135,0,4,135,makes_smalltalk
136,0,4,136,gives_controversial_opinion
137,0,4,137,gives_an_insult
138,0,4,138,yawns
139,0,4,139,shows_interest
140,0,4,140,leaves_room
141,0,4,141,shows_interest
142,0,4,142,stands_in_corner
143,0,4,143,starts_conversation
144,0,4,144,stands_in_corner
145,0,4,145,starts_conversation
146,0,4,146,starts_conversation
147,0,4,147,makes_deeptalk
148,0,4,148,starts_conversation
149,0,4,149,brags
150,0,4,150,makes_deeptalk
151,0,4,151,stands_in_corner
152,0,4,152,leaves_conversation
153,0,4,153,leaves_room
154,0,4,154,rants
155,0,4,155,shows_interest
156,0,4,156,shares
157,0,4,157,stands_in_corner
158,0,4,158,makes_smalltalk
159,0,4,159,shows_interest
160,0,5,160,laughs
161,0,5,161,laughs
162,0,5,162,shares
163,0,5,163,shows_concern
164,0,5,164,supports
165,0,5,165,shares
166,0,5,166,supports
167,0,5,167,gives_an_insult
168,0,5,168,shows_interest
169,0,5,169,rants
170,0,5,170,gives_controversial_opinion
171,0,5,171,rants
172,0,5,172,changes_the_topic
173,0,5,173,brags
174,0,5,174,stands_in_corner
175,0,5,175,makes_smalltalk
176,0,5,176,stands_in_corner
177,0,5,177,changes_the_topic
178,0,5,178,shows_interest
179,0,5,179,stands_in_corner
180,0,5,180,makes_deeptalk
181,0,5,181,shows_interest
182,0,5,182,gives_controversial_opinion
183,0,5,183,stands_in_corner
184,0,5,184,leaves_room
185,0,5,185,leaves_room
186,0,5,186,brags
187,0,5,187,makes_smalltalk
188,0,5,188,makes_deeptalk
189,0,5,189,starts_conversation
190,0,5,190,yawns
191,0,5,191,gives_an_insult
192,0,6,192,yawns
193,0,6,193,yawns
194,0,6,194,leaves_conversation
195,0,6,195,shows_concern
196,0,6,196,shares
197,0,6,197,changes_the_topic
198,0,6,198,supports
199,0,6,199,rants
200,0,6,200,gives_an_insult
201,0,6,201,shares
202,0,6,202,shares
203,0,6,203,shows_interest
204,0,6,204,makes_smalltalk
205,0,6,205,shares
206,0,6,206,starts_conversation
207,0,6,207,shows_interest
208,0,6,208,stands_in_corner
209,0,6,209,laughs
210,0,6,210,jokes
211,0,6,211,leaves_room
212,0,6,212,supports
213,0,6,213,makes_smalltalk
214,0,6,214,shouts
215,0,6,215,stands_in_corner
216,0,6,216,stands_in_corner
217,0,6,217,leaves_room
218,0,6,218,brags
219,0,6,219,supports
220,0,6,220,makes_deeptalk
221,0,6,221,changes_the_topic
222,0,6,222,jokes
223,0,6,223,shares
224,0,7,224,yawns
225,0,7,225,shows_concern
226,0,7,226,starts_conversation
227,0,7,227,shows_concern
228,0,7,228,supports
229,0,7,229,shows_interest
230,0,7,230,supports
231,0,7,231,makes_deeptalk
232,0,7,232,leaves_conversation
233,0,7,233,laughs
234,0,7,234,gives_an_insult
235,0,7,235,leaves_conversation
236,0,7,236,makes_deeptalk
237,0,7,237,gives_an_insult
238,0,7,238,gives_controversial_opinion
239,0,7,239,shows_interest
240,0,7,240,stands_in_corner
241,0,7,241,gives_controversial_opinion
242,0,7,242,shows_interest
243,0,7,243,starts_conversation
244,0,7,244,shouts
245,0,7,245,shares
246,0,7,246,rants
247,0,7,247,leaves_room
248,0,7,248,starts_conversation
249,0,7,249,leaves_room
250,0,7,250,gives_controversial_opinion
251,0,7,251,changes_the_topic
252,0,7,252,changes_the_topic
253,0,7,253,yawns
254,0,7,254,rants
255,0,7,255,makes_deeptalk
256,0,8,256,makes_smalltalk
257,0,8,257,shows_concern
258,0,8,258,jokes
259,0,8,259,makes_deeptalk
260,0,8,260,gives_an_insult
261,0,8,261,supports
262,0,8,262,rants
263,0,8,263,leaves_conversation
264,0,8,264,leaves_room
265,0,8,265,laughs
266,0,8,266,gives_controversial_opinion
267,0,8,267,stands_in_corner
268,0,8,268,supports
269,0,8,269,shows_interest
270,0,8,270,shows_concern
271,0,8,271,gives_an_insult
272,0,8,272,leaves_room
273,0,8,273,brags
274,0,8,274,shows_interest
275,0,8,275,supports
276,0,8,276,makes_deeptalk
277,0,8,277,jokes
278,0,8,278,gives_controversial_opinion
279,0,8,279,stands_in_corner
280,0,8,280,shouts
281,0,8,281,leaves_room
282,0,8,282,makes_deeptalk
283,0,8,283,jokes
284,0,8,284,laughs
285,0,8,285,gives_an_insult
286,0,8,286,jokes
287,0,8,287,leaves_conversation
288,0,9,288,yawns
289,0,9,289,brags
290,0,9,290,shows_concern
291,0,9,291,shows_concern
292,0,9,292,jokes
293,0,9,293,makes_deeptalk
294,0,9,294,supports
295,0,9,295,leaves_room
296,0,9,296,leaves_room
297,0,9,297,supports
298,0,9,298,yawns
299,0,9,299,stands_in_corner
300,0,9,300,makes_smalltalk
301,0,9,301,gives_an_insult
302,0,9,302,yawns
303,0,9,303,gives_controversial_opinion
304,0,9,304,starts_conversation
305,0,9,305,rants
306,0,9,306,shows_interest
307,0,9,307,brags
308,0,9,308,makes_deeptalk
309,0,9,309,shouts
310,0,9,310,gives_controversial_opinion
311,0,9,311,stands_in_corner
312,0,9,312,laughs
313,0,9,313,starts_conversation
314,0,9,314,shows_interest
315,0,9,315,gives_controversial_opinion
316,0,9,316,laughs
317,0,9,317,shows_concern
318,0,9,318,shows_concern
319,0,9,319,leaves_room
320,1,0,0,stands_in_corner
321,1,0,1,starts_conversation
322,1,0,2,stands_in_corner
323,1,0,3,brags
324,1,0,4,starts_conversation
325,1,0,5,starts_conversation
326,1,0,6,stands_in_corner
327,1,0,7,leaves_room
328,1,0,8,starts_conversation
329,1,0,9,leaves_room
330,1,0,10,stands_in_corner
331,1,0,11,stands_in_corner
332,1,0,12,stands_in_corner
333,1,0,13,stands_in_corner
334,1,0,14,leaves_room
335,1,0,15,stands_in_corner
336,1,0,16,leaves_room
337,1,0,17,leaves_room
338,1,0,18,stands_in_corner
339,1,0,19,starts_conversation
340,1,0,20,leaves_room
341,1,0,21,starts_conversation
342,1,0,22,starts_conversation
343,1,0,23,starts_conversation
344,1,0,24,stands_in_corner
345,1,0,25,stands_in_corner
346,1,0,26,laughs
347,1,0,27,leaves_room
348,1,0,28,starts_conversation
349,1,0,29,gives_an_insult
350,1,0,30,starts_conversation
351,1,0,31,shows_interest
352,1,1,32,leaves_room
353,1,1,33,yawns
354,1,1,34,yawns
355,1,1,35,shows_concern
356,1,1,36,makes_deeptalk
357,1,1,37,shouts
358,1,1,38,starts_conversation
359,1,1,39,starts_conversation
360,1,1,40,shows_concern
361,1,1,41,stands_in_corner
362,1,1,42,starts_conversation
363,1,1,43,stands_in_corner
364,1,1,44,makes_smalltalk
365,1,1,45,starts_conversation
366,1,1,46,starts_conversation
367,1,1,47,leaves_room
368,1,1,48,shouts
369,1,1,49,starts_conversation
370,1,1,50,leaves_room
371,1,1,51,yawns
372,1,1,52,stands_in_corner
373,1,1,53,supports
374,1,1,54,makes_deeptalk
375,1,1,55,shows_concern
376,1,1,56,jokes
377,1,1,57,starts_conversation
378,1,1,58,yawns
379,1,1,59,shares
380,1,1,60,shows_interest
381,1,1,61,gives_an_insult
382,1,1,62,yawns
383,1,1,63,makes_smalltalk
384,1,2,64,stands_in_corner
385,1,2,65,yawns
386,1,2,66,shows_concern
387,1,2,67,shows_concern
388,1,2,68,brags
389,1,2,69,yawns
390,1,2,70,supports
391,1,2,71,brags
392,1,2,72,shouts
393,1,2,73,stands_in_corner
394,1,2,74,shouts
395,1,2,75,starts_conversation
396,1,2,76,yawns
397,1,2,77,rants
398,1,2,78,makes_smalltalk
399,1,2,79,starts_conversation
400,1,2,80,gives_controversial_opinion
401,1,2,81,shows_interest
402,1,2,82,starts_conversation
403,1,2,83,laughs
404,1,2,84,starts_conversation
405,1,2,85,rants
406,1,2,86,makes_deeptalk
407,1,2,87,brags
408,1,2,88,shares
409,1,2,89,brags
410,1,2,90,yawns
411,1,2,91,makes_smalltalk
412,1,2,92,shows_interest
413,1,2,93,changes_the_topic
414,1,2,94,shows_interest
415,1,2,95,shows_concern
416,1,3,96,leaves_room
417,1,3,97,yawns
418,1,3,98,gives_an_insult
419,1,3,99,leaves_conversation
420,1,3,100,laughs
421,1,3,101,shares
422,1,3,102,supports
423,1,3,103,makes_deeptalk
424,1,3,104,leaves_conversation
425,1,3,105,stands_in_corner
426,1,3,106,shows_interest
427,1,3,107,gives_controversial_opinion
428,1,3,108,supports
429,1,3,109,changes_the_topic
430,1,3,110,laughs
431,1,3,111,leaves_conversation
432,1,3,112,shows_concern
433,1,3,113,supports
434,1,3,114,shows_interest
435,1,3,115,rants
436,1,3,116,shows_concern
437,1,3,117,jokes
438,1,3,118,supports
439,1,3,119,shows_interest
440,1,3,120,makes_deeptalk
441,1,3,121,gives_controversial_opinion
442,1,3,122,shares
443,1,3,123,gives_controversial_opinion
444,1,3,124,shares
445,1,3,125,gives_an_insult
446,1,3,126,shares
447,1,3,127,laughs
448,1,4,128,starts_conversation
449,1,4,129,leaves_room
450,1,4,130,shows_interest
451,1,4,131,starts_conversation
452,1,4,132,makes_deeptalk
453,1,4,133,shows_concern
454,1,4,134,supports
455,1,4,135,yawns
456,1,4,136,leaves_room
457,1,4,137,starts_conversation
458,1,4,138,brags
459,1,4,139,makes_smalltalk
460,1,4,140,jokes
461,1,4,141,gives_an_insult
462,1,4,142,supports
463,1,4,143,stands_in_corner
464,1,4,144,shows_interest
465,1,4,145,yawns
466,1,4,146,shows_interest
467,1,4,147,shows_interest
468,1,4,148,makes_deeptalk
469,1,4,149,gives_controversial_opinion
470,1,4,150,gives_an_insult
471,1,4,151,gives_an_insult
472,1,4,152,makes_deeptalk
473,1,4,153,jokes
474,1,4,154,leaves_conversation
475,1,4,155,makes_deeptalk
476,1,4,156,shares
477,1,4,157,makes_deeptalk
478,1,4,158,yawns
479,1,4,159,supports
480,1,5,160,makes_deeptalk
481,1,5,161,leaves_room
482,1,5,162,rants
483,1,5,163,shows_concern
484,1,5,164,shares
485,1,5,165,brags
486,1,5,166,supports
487,1,5,167,makes_deeptalk
488,1,5,168,leaves_room
489,1,5,169,shouts
490,1,5,170,makes_deeptalk
491,1,5,171,shows_concern
492,1,5,172,makes_smalltalk
493,1,5,173,jokes
494,1,5,174,supports
495,1,5,175,stands_in_corner
496,1,5,176,gives_an_insult
497,1,5,177,brags
498,1,5,178,shows_interest
499,1,5,179,starts_conversation
500,1,5,180,makes_deeptalk
501,1,5,181,shows_concern
502,1,5,182,supports
503,1,5,183,shows_concern
504,1,5,184,gives_controversial_opinion
505,1,5,185,shares
506,1,5,186,starts_conversation
507,1,5,187,jokes
508,1,5,188,shows_concern
509,1,5,189,makes_deeptalk
510,1,5,190,shouts
511,1,5,191,shows_interest
512,1,6,192,yawns
513,1,6,193,starts_conversation
514,1,6,194,leaves_conversation
515,1,6,195,shows_concern
516,1,6,196,changes_the_topic
517,1,6,197,gives_controversial_opinion
518,1,6,198,laughs
519,1,6,199,shows_concern
520,1,6,200,starts_conversation
521,1,6,201,rants
522,1,6,202,makes_smalltalk
523,1,6,203,shouts
524,1,6,204,shows_concern
525,1,6,205,supports
526,1,6,206,brags
527,1,6,207,leaves_room
528,1,6,208,leaves_conversation
529,1,6,209,gives_an_insult
530,1,6,210,shows_interest
531,1,6,211,rants
532,1,6,212,makes_deeptalk
533,1,6,213,leaves_conversation
534,1,6,214,stands_in_corner
535,1,6,215,changes_the_topic
536,1,6,216,shows_interest
537,1,6,217,brags
538,1,6,218,rants
539,1,6,219,shows_interest
540,1,6,220,brags
541,1,6,221,brags
542,1,6,222,gives_an_insult
543,1,6,223,makes_smalltalk
544,1,7,224,yawns
545,1,7,225,yawns
546,1,7,226,starts_conversation
547,1,7,227,shows_concern
548,1,7,228,makes_deeptalk
549,1,7,229,supports
550,1,7,230,starts_conversation
551,1,7,231,rants
552,1,7,232,shows_interest
553,1,7,233,shares
554,1,7,234,shows_interest
555,1,7,235,shows_interest
556,1,7,236,makes_smalltalk
557,1,7,237,makes_smalltalk
558,1,7,238,changes_the_topic
559,1,7,239,starts_conversation
560,1,7,240,leaves_room
561,1,7,241,rants
562,1,7,242,shows_interest
563,1,7,243,makes_deeptalk
564,1,7,244,makes_deeptalk
565,1,7,245,starts_conversation
566,1,7,246,leaves_room
567,1,7,247,supports
568,1,7,248,shows_interest
569,1,7,249,rants
570,1,7,250,makes_deeptalk
571,1,7,251,changes_the_topic
572,1,7,252,jokes
573,1,7,253,shares
574,1,7,254,gives_controversial_opinion
575,1,7,255,laughs
576,1,8,256,shares
577,1,8,257,shows_concern
578,1,8,258,shouts
579,1,8,259,shows_concern
580,1,8,260,supports
581,1,8,261,gives_controversial_opinion
582,1,8,262,makes_smalltalk
583,1,8,263,supports
584,1,8,264,makes_smalltalk
585,1,8,265,supports
586,1,8,266,brags
587,1,8,267,makes_smalltalk
588,1,8,268,jokes
589,1,8,269,jokes
590,1,8,270,leaves_conversation
591,1,8,271,changes_the_topic
592,1,8,272,gives_an_insult
593,1,8,273,shows_interest
594,1,8,274,yawns
595,1,8,275,makes_deeptalk
596,1,8,276,makes_deeptalk
597,1,8,277,supports
598,1,8,278,stands_in_corner
599,1,8,279,makes_smalltalk
600,1,8,280,makes_deeptalk
601,1,8,281,shouts
602,1,8,282,shows_interest
603,1,8,283,makes_deeptalk
604,1,8,284,shows_concern
605,1,8,285,gives_an_insult
606,1,8,286,laughs
607,1,8,287,shouts
608,1,9,288,yawns
609,1,9,289,leaves_conversation
610,1,9,290,supports
611,1,9,291,shows_concern
612,1,9,292,shows_interest
613,1,9,293,laughs
614,1,9,294,supports
615,1,9,295,shouts
616,1,9,296,shouts
617,1,9,297,laughs
618,1,9,298,shows_interest
619,1,9,299,shouts
620,1,9,300,makes_deeptalk
621,1,9,301,brags
622,1,9,302,starts_conversation
623,1,9,303,changes_the_topic
624,1,9,304,leaves_conversation
625,1,9,305,brags
626,1,9,306,shows_interest
627,1,9,307,rants
628,1,9,308,makes_deeptalk
629,1,9,309,stands_in_corner
630,1,9,310,stands_in_corner
631,1,9,311,shares
632,1,9,312,laughs
633,1,9,313,brags
634,1,9,314,makes_smalltalk
635,1,9,315,shows_concern
636,1,9,316,makes_deeptalk
637,1,9,317,gives_controversial_opinion
638,1,9,318,changes_the_topic
639,1,9,319,yawns
640,2,0,0,stands_in_corner
641,2,0,1,stands_in_corner
642,2,0,2,starts_conversation
643,2,0,3,stands_in_corner
644,2,0,4,starts_conversation
645,2,0,5,leaves_room
646,2,0,6,leaves_room
647,2,0,7,starts_conversation
648,2,0,8,leaves_room
649,2,0,9,starts_conversation
650,2,0,10,starts_conversation
651,2,0,11,stands_in_corner
652,2,0,12,stands_in_corner
653,2,0,13,laughs
654,2,0,14,leaves_room
655,2,0,15,leaves_room
656,2,0,16,leaves_room
657,2,0,17,starts_conversation
658,2,0,18,starts_conversation
659,2,0,19,leaves_room
660,2,0,20,leaves_room
661,2,0,21,leaves_room
662,2,0,22,starts_conversation
663,2,0,23,leaves_room
664,2,0,24,starts_conversation
665,2,0,25,leaves_room
666,2,0,26,starts_conversation
667,2,0,27,starts_conversation
668,2,0,28,laughs
669,2,0,29,makes_deeptalk
670,2,0,30,starts_conversation
671,2,0,31,stands_in_corner
672,2,1,32,leaves_room
673,2,1,33,starts_conversation
674,2,1,34,jokes
675,2,1,35,yawns
676,2,1,36,makes_deeptalk
677,2,1,37,leaves_room
678,2,1,38,leaves_room
679,2,1,39,shows_interest
680,2,1,40,stands_in_corner
681,2,1,41,leaves_conversation
682,2,1,42,shouts
683,2,1,43,starts_conversation
684,2,1,44,starts_conversation
685,2,1,45,makes_deeptalk
686,2,1,46,leaves_room
687,2,1,47,starts_conversation
688,2,1,48,makes_deeptalk
689,2,1,49,shares
690,2,1,50,yawns
691,2,1,51,leaves_room
692,2,1,52,stands_in_corner
693,2,1,53,leaves_room
694,2,1,54,jokes
695,2,1,55,starts_conversation
696,2,1,56,jokes
697,2,1,57,stands_in_corner
698,2,1,58,brags
699,2,1,59,makes_deeptalk
700,2,1,60,starts_conversation
701,2,1,61,laughs
702,2,1,62,yawns
703,2,1,63,leaves_room
704,2,2,64,leaves_room
705,2,2,65,makes_deeptalk
706,2,2,66,shares
707,2,2,67,shows_concern
708,2,2,68,makes_smalltalk
709,2,2,69,gives_controversial_opinion
710,2,2,70,stands_in_corner
711,2,2,71,makes_deeptalk
712,2,2,72,leaves_room
713,2,2,73,starts_conversation
714,2,2,74,makes_deeptalk
715,2,2,75,shares
716,2,2,76,supports
717,2,2,77,rants
718,2,2,78,stands_in_corner
719,2,2,79,changes_the_topic
720,2,2,80,shares
721,2,2,81,yawns
722,2,2,82,jokes
723,2,2,83,starts_conversation
724,2,2,84,starts_conversation
725,2,2,85,leaves_room
726,2,2,86,shows_concern
727,2,2,87,shows_interest
728,2,2,88,brags
729,2,2,89,stands_in_corner
730,2,2,90,jokes
731,2,2,91,laughs
732,2,2,92,yawns
733,2,2,93,yawns
734,2,2,94,makes_smalltalk
735,2,2,95,leaves_room
736,2,3,96,starts_conversation
737,2,3,97,gives_controversial_opinion
738,2,3,98,brags
739,2,3,99,makes_smalltalk
740,2,3,100,leaves_conversation
741,2,3,101,shows_concern
742,2,3,102,starts_conversation
743,2,3,103,shares
744,2,3,104,leaves_room
745,2,3,105,makes_smalltalk
746,2,3,106,shares
747,2,3,107,shouts
748,2,3,108,jokes
749,2,3,109,makes_deeptalk
750,2,3,110,stands_in_corner
751,2,3,111,supports
752,2,3,112,leaves_conversation
753,2,3,113,yawns
754,2,3,114,stands_in_corner
755,2,3,115,shares
756,2,3,116,makes_smalltalk
757,2,3,117,leaves_room
758,2,3,118,rants
759,2,3,119,makes_smalltalk
760,2,3,120,shows_interest
761,2,3,121,starts_conversation
762,2,3,122,shouts
763,2,3,123,laughs
764,2,3,124,yawns
765,2,3,125,brags
766,2,3,126,makes_smalltalk
767,2,3,127,starts_conversation
768,2,4,128,yawns
769,2,4,129,shows_concern
770,2,4,130,shows_concern
771,2,4,131,shows_concern
772,2,4,132,leaves_room
773,2,4,133,makes_smalltalk
774,2,4,134,shouts
775,2,4,135,shows_concern
776,2,4,136,brags
777,2,4,137,gives_controversial_opinion
778,2,4,138,makes_smalltalk
779,2,4,139,rants
780,2,4,140,changes_the_topic
781,2,4,141,gives_controversial_opinion
782,2,4,142,starts_conversation
783,2,4,143,shares
784,2,4,144,starts_conversation
785,2,4,145,shows_interest
786,2,4,146,supports
787,2,4,147,makes_deeptalk
788,2,4,148,leaves_conversation
789,2,4,149,brags
790,2,4,150,shouts
791,2,4,151,yawns
792,2,4,152,shares
793,2,4,153,brags
794,2,4,154,changes_the_topic
795,2,4,155,yawns
796,2,4,156,makes_deeptalk
797,2,4,157,yawns
798,2,4,158,yawns
799,2,4,159,leaves_conversation
800,2,5,160,gives_controversial_opinion
801,2,5,161,jokes
802,2,5,162,shows_interest
803,2,5,163,shows_interest
804,2,5,164,leaves_room
805,2,5,165,yawns
806,2,5,166,supports
807,2,5,167,gives_controversial_opinion
808,2,5,168,stands_in_corner
809,2,5,169,makes_smalltalk
810,2,5,170,rants
811,2,5,171,leaves_conversation
812,2,5,172,changes_the_topic
813,2,5,173,supports
814,2,5,174,yawns
815,2,5,175,yawns
816,2,5,176,makes_deeptalk
817,2,5,177,leaves_conversation
818,2,5,178,shows_interest
819,2,5,179,shows_interest
820,2,5,180,starts_conversation
821,2,5,181,changes_the_topic
822,2,5,182,jokes
823,2,5,183,makes_deeptalk
824,2,5,184,gives_an_insult
825,2,5,185,yawns
826,2,5,186,gives_an_insult
827,2,5,187,leaves_conversation
828,2,5,188,makes_smalltalk
829,2,5,189,stands_in_corner
830,2,5,190,shows_concern
831,2,5,191,starts_conversation
832,2,6,192,shows_concern
833,2,6,193,makes_deeptalk
834,2,6,194,shows_concern
835,2,6,195,jokes
836,2,6,196,shows_interest
837,2,6,197,rants
838,2,6,198,shouts
839,2,6,199,jokes
840,2,6,200,leaves_room
841,2,6,201,shares
842,2,6,202,shares
843,2,6,203,leaves_room
844,2,6,204,makes_deeptalk
845,2,6,205,shows_concern
846,2,6,206,rants
847,2,6,207,changes_the_topic
848,2,6,208,makes_deeptalk
849,2,6,209,shares
850,2,6,210,shows_interest
851,2,6,211,makes_deeptalk
852,2,6,212,makes_deeptalk
853,2,6,213,yawns
854,2,6,214,makes_deeptalk
855,2,6,215,makes_deeptalk
856,2,6,216,changes_the_topic
857,2,6,217,changes_the_topic
858,2,6,218,brags
859,2,6,219,stands_in_corner
860,2,6,220,shouts
861,2,6,221,starts_conversation
862,2,6,222,laughs
863,2,6,223,makes_smalltalk
864,2,7,224,rants
865,2,7,225,gives_an_insult
866,2,7,226,brags
867,2,7,227,brags
868,2,7,228,jokes
869,2,7,229,gives_an_insult
870,2,7,230,supports
871,2,7,231,gives_controversial_opinion
872,2,7,232,stands_in_corner
873,2,7,233,gives_controversial_opinion
874,2,7,234,makes_deeptalk
875,2,7,235,leaves_room
876,2,7,236,shows_interest
877,2,7,237,rants
878,2,7,238,gives_controversial_opinion
879,2,7,239,supports
880,2,7,240,shows_interest
881,2,7,241,shouts
882,2,7,242,shows_interest
883,2,7,243,gives_controversial_opinion
884,2,7,244,makes_deeptalk
885,2,7,245,shows_interest
886,2,7,246,shouts
887,2,7,247,laughs
888,2,7,248,gives_an_insult
889,2,7,249,gives_an_insult
890,2,7,250,shows_interest
891,2,7,251,stands_in_corner
892,2,7,252,laughs
893,2,7,253,jokes
894,2,7,254,changes_the_topic
895,2,7,255,shows_interest
896,2,8,256,yawns
897,2,8,257,makes_deeptalk
898,2,8,258,shows_interest
899,2,8,259,makes_deeptalk
900,2,8,260,brags
901,2,8,261,makes_smalltalk
902,2,8,262,shouts
903,2,8,263,makes_smalltalk
904,2,8,264,stands_in_corner
905,2,8,265,laughs
906,2,8,266,rants
907,2,8,267,leaves_room
908,2,8,268,laughs
909,2,8,269,makes_deeptalk
910,2,8,270,shows_interest
911,2,8,271,makes_smalltalk
912,2,8,272,laughs
913,2,8,273,gives_controversial_opinion
914,2,8,274,shows_interest
915,2,8,275,leaves_conversation
916,2,8,276,makes_deeptalk
917,2,8,277,laughs
918,2,8,278,makes_smalltalk
919,2,8,279,makes_smalltalk
920,2,8,280,gives_an_insult
921,2,8,281,shares
922,2,8,282,makes_smalltalk
923,2,8,283,stands_in_corner
924,2,8,284,shouts
925,2,8,285,brags
926,2,8,286,brags
927,2,8,287,gives_an_insult
928,2,9,288,yawns
929,2,9,289,shares
930,2,9,290,rants
931,2,9,291,shows_concern
932,2,9,292,gives_controversial_opinion
933,2,9,293,makes_smalltalk
934,2,9,294,shouts
935,2,9,295,shares
936,2,9,296,leaves_room
937,2,9,297,supports
938,2,9,298,yawns
939,2,9,299,starts_conversation
940,2,9,300,brags
941,2,9,301,makes_smalltalk
942,2,9,302,makes_smalltalk
943,2,9,303,yawns
944,2,9,304,supports
945,2,9,305,shouts
946,2,9,306,shows_interest
947,2,9,307,leaves_room
948,2,9,308,makes_deeptalk
949,2,9,309,shows_concern
950,2,9,310,shouts
951,2,9,311,makes_deeptalk
952,2,9,312,changes_the_topic
953,2,9,313,gives_an_insult
954,2,9,314,changes_the_topic
955,2,9,315,stands_in_corner
956,2,9,316,rants
957,2,9,317,makes_deeptalk
958,2,9,318,rants
959,2,9,319,leaves_conversation
960,3,0,0,leaves_room
961,3,0,1,leaves_room
962,3,0,2,stands_in_corner
963,3,0,3,leaves_room
964,3,0,4,leaves_room
965,3,0,5,stands_in_corner
966,3,0,6,leaves_room
967,3,0,7,starts_conversation
968,3,0,8,starts_conversation
969,3,0,9,starts_conversation
970,3,0,10,starts_conversation
971,3,0,11,starts_conversation
972,3,0,12,leaves_room
973,3,0,13,stands_in_corner
974,3,0,14,starts_conversation
975,3,0,15,stands_in_corner
976,3,0,16,leaves_room
977,3,0,17,leaves_room
978,3,0,18,starts_conversation
979,3,0,19,stands_in_corner
980,3,0,20,makes_deeptalk
981,3,0,21,leaves_room
982,3,0,22,starts_conversation
983,3,0,23,stands_in_corner
984,3,0,24,leaves_room
985,3,0,25,leaves_room
986,3,0,26,starts_conversation
987,3,0,27,leaves_room
988,3,0,28,leaves_room
989,3,0,29,starts_conversation
990,3,0,30,yawns
991,3,0,31,starts_conversation
992,3,1,32,leaves_room
993,3,1,33,leaves_conversation
994,3,1,34,stands_in_corner
995,3,1,35,shows_concern
996,3,1,36,leaves_room
997,3,1,37,leaves_room
998,3,1,38,stands_in_corner
999,3,1,39,laughs
1000,3,1,40,makes_deeptalk
1001,3,1,41,shows_interest
1002,3,1,42,gives_controversial_opinion
1003,3,1,43,shouts
1004,3,1,44,starts_conversation
1005,3,1,45,leaves_room
1006,3,1,46,laughs
1007,3,1,47,stands_in_corner
1008,3,1,48,starts_conversation
1009,3,1,49,starts_conversation
1010,3,1,50,leaves_conversation
1011,3,1,51,yawns
1012,3,1,52,yawns
1013,3,1,53,stands_in_corner
1014,3,1,54,changes_the_topic
1015,3,1,55,starts_conversation
1016,3,1,56,leaves_room
1017,3,1,57,starts_conversation
1018,3,1,58,brags
1019,3,1,59,starts_conversation
1020,3,1,60,stands_in_corner
1021,3,1,61,stands_in_corner
1022,3,1,62,shares
1023,3,1,63,makes_smalltalk
1024,3,2,64,starts_conversation
1025,3,2,65,jokes
1026,3,2,66,stands_in_corner
1027,3,2,67,makes_smalltalk
1028,3,2,68,leaves_room
1029,3,2,69,leaves_room
1030,3,2,70,starts_conversation
1031,3,2,71,jokes
1032,3,2,72,makes_smalltalk
1033,3,2,73,supports
1034,3,2,74,shows_interest
1035,3,2,75,yawns
1036,3,2,76,shows_concern
1037,3,2,77,shows_concern
1038,3,2,78,leaves_conversation
1039,3,2,79,leaves_room
1040,3,2,80,gives_an_insult
1041,3,2,81,supports
1042,3,2,82,stands_in_corner
1043,3,2,83,shows_interest
1044,3,2,84,shows_concern
1045,3,2,85,starts_conversation
1046,3,2,86,changes_the_topic
1047,3,2,87,gives_controversial_opinion
1048,3,2,88,stands_in_corner
1049,3,2,89,shouts
1050,3,2,90,shows_concern
1051,3,2,91,yawns
1052,3,2,92,starts_conversation
1053,3,2,93,stands_in_corner
1054,3,2,94,supports
1055,3,2,95,gives_controversial_opinion
1056,3,3,96,yawns
1057,3,3,97,yawns
1058,3,3,98,starts_conversation
1059,3,3,99,shows_concern
1060,3,3,100,stands_in_corner
1061,3,3,101,starts_conversation
1062,3,3,102,shouts
1063,3,3,103,makes_deeptalk
1064,3,3,104,rants
1065,3,3,105,makes_smalltalk
1066,3,3,106,shows_interest
1067,3,3,107,jokes
1068,3,3,108,gives_an_insult
1069,3,3,109,changes_the_topic
1070,3,3,110,stands_in_corner
1071,3,3,111,leaves_room
1072,3,3,112,shows_concern
1073,3,3,113,shares
1074,3,3,114,shows_interest
1075,3,3,115,shows_interest
1076,3,3,116,makes_smalltalk
1077,3,3,117,laughs
1078,3,3,118,shows_concern
1079,3,3,119,jokes
1080,3,3,120,stands_in_corner
1081,3,3,121,makes_smalltalk
1082,3,3,122,yawns
1083,3,3,123,supports
1084,3,3,124,makes_deeptalk
1085,3,3,125,starts_conversation
1086,3,3,126,shares
1087,3,3,127,makes_smalltalk
1088,3,4,128,makes_smalltalk
1089,3,4,129,shouts
1090,3,4,130,shares
1091,3,4,131,makes_smalltalk
1092,3,4,132,leaves_room
1093,3,4,133,makes_smalltalk
1094,3,4,134,makes_smalltalk
1095,3,4,135,gives_controversial_opinion
1096,3,4,136,jokes
1097,3,4,137,yawns
1098,3,4,138,supports
1099,3,4,139,laughs
1100,3,4,140,makes_deeptalk
1101,3,4,141,makes_deeptalk
1102,3,4,142,stands_in_corner
1103,3,4,143,stands_in_corner
1104,3,4,144,shows_concern
1105,3,4,145,makes_smalltalk
1106,3,4,146,shows_interest
1107,3,4,147,shows_concern
1108,3,4,148,jokes
1109,3,4,149,gives_controversial_opinion
1110,3,4,150,makes_smalltalk
1111,3,4,151,shouts
1112,3,4,152,starts_conversation
1113,3,4,153,changes_the_topic
1114,3,4,154,laughs
1115,3,4,155,brags
1116,3,4,156,shouts
1117,3,4,157,shares
1118,3,4,158,shows_interest
1119,3,4,159,shouts
1120,3,5,160,shouts
1121,3,5,161,gives_an_insult
1122,3,5,162,brags
1123,3,5,163,shows_concern
1124,3,5,164,stands_in_corner
1125,3,5,165,shouts
1126,3,5,166,supports
1127,3,5,167,shouts
1128,3,5,168,shares
1129,3,5,169,supports
1130,3,5,170,makes_smalltalk
1131,3,5,171,leaves_conversation
1132,3,5,172,supports
1133,3,5,173,changes_the_topic
1134,3,5,174,stands_in_corner
1135,3,5,175,stands_in_corner
1136,3,5,176,laughs
1137,3,5,177,supports
1138,3,5,178,shows_interest
1139,3,5,179,supports
1140,3,5,180,stands_in_corner
1141,3,5,181,shows_interest
1142,3,5,182,shows_interest
1143,3,5,183,yawns
1144,3,5,184,changes_the_topic
1145,3,5,185,shows_interest
1146,3,5,186,laughs
1147,3,5,187,shows_concern
1148,3,5,188,shows_concern
1149,3,5,189,supports
1150,3,5,190,supports
1151,3,5,191,rants
1152,3,6,192,yawns
1153,3,6,193,shouts
1154,3,6,194,shows_concern
1155,3,6,195,makes_smalltalk
1156,3,6,196,stands_in_corner
1157,3,6,197,gives_an_insult
1158,3,6,198,supports
1159,3,6,199,laughs
1160,3,6,200,gives_an_insult
1161,3,6,201,laughs
1162,3,6,202,jokes
1163,3,6,203,stands_in_corner
1164,3,6,204,yawns
1165,3,6,205,leaves_conversation
1166,3,6,206,starts_conversation
1167,3,6,207,leaves_room
1168,3,6,208,brags
1169,3,6,209,changes_the_topic
1170,3,6,210,shows_interest
1171,3,6,211,supports
1172,3,6,212,leaves_room
1173,3,6,213,supports
1174,3,6,214,makes_deeptalk
1175,3,6,215,shares
1176,3,6,216,yawns
1177,3,6,217,leaves_room
1178,3,6,218,rants
1179,3,6,219,changes_the_topic
1180,3,6,220,brags
1181,3,6,221,yawns
1182,3,6,222,jokes
1183,3,6,223,jokes
1184,3,7,224,yawns
1185,3,7,225,brags
1186,3,7,226,supports
1187,3,7,227,shows_concern
1188,3,7,228,stands_in_corner
1189,3,7,229,changes_the_topic
1190,3,7,230,supports
1191,3,7,231,shows_concern
1192,3,7,232,shares
1193,3,7,233,shows_interest
1194,3,7,234,laughs
1195,3,7,235,stands_in_corner
1196,3,7,236,changes_the_topic
1197,3,7,237,stands_in_corner
1198,3,7,238,shouts
1199,3,7,239,stands_in_corner
1200,3,7,240,shows_interest
1201,3,7,241,rants
1202,3,7,242,shows_interest
1203,3,7,243,makes_smalltalk
1204,3,7,244,starts_conversation
1205,3,7,245,shows_concern
1206,3,7,246,shouts
1207,3,7,247,shows_interest
1208,3,7,248,rants
1209,3,7,249,stands_in_corner
1210,3,7,250,shouts
1211,3,7,251,shows_concern
1212,3,7,252,gives_controversial_opinion
1213,3,7,253,supports
1214,3,7,254,makes_deeptalk
1215,3,7,255,jokes
1216,3,8,256,yawns
1217,3,8,257,gives_an_insult
1218,3,8,258,changes_the_topic
1219,3,8,259,laughs
1220,3,8,260,leaves_room
1221,3,8,261,gives_controversial_opinion
1222,3,8,262,supports
1223,3,8,263,shows_interest
1224,3,8,264,supports
1225,3,8,265,shows_concern
1226,3,8,266,makes_deeptalk
1227,3,8,267,starts_conversation
1228,3,8,268,yawns
1229,3,8,269,leaves_room
1230,3,8,270,shares
1231,3,8,271,brags
1232,3,8,272,brags
1233,3,8,273,shares
1234,3,8,274,shows_interest
1235,3,8,275,shows_interest
1236,3,8,276,yawns
1237,3,8,277,shares
1238,3,8,278,shows_concern
1239,3,8,279,makes_smalltalk
1240,3,8,280,shows_interest
1241,3,8,281,stands_in_corner
1242,3,8,282,jokes
1243,3,8,283,shares
1244,3,8,284,makes_deeptalk
1245,3,8,285,makes_smalltalk
1246,3,8,286,changes_the_topic
1247,3,8,287,brags
1248,3,9,288,yawns
1249,3,9,289,rants
1250,3,9,290,yawns
1251,3,9,291,shows_concern
1252,3,9,292,leaves_room
1253,3,9,293,rants
1254,3,9,294,supports
1255,3,9,295,gives_controversial_opinion
1256,3,9,296,jokes
1257,3,9,297,makes_smalltalk
1258,3,9,298,makes_deeptalk
1259,3,9,299,shares
1260,3,9,300,shows_concern
1261,3,9,301,starts_conversation
1262,3,9,302,makes_smalltalk
1263,3,9,303,makes_deeptalk
1264,3,9,304,shouts
1265,3,9,305,changes_the_topic
1266,3,9,306,rants
1267,3,9,307,shouts
1268,3,9,308,makes_deeptalk
1269,3,9,309,yawns
1270,3,9,310,changes_the_topic
1271,3,9,311,makes_smalltalk
1272,3,9,312,shares
1273,3,9,313,starts_conversation
1274,3,9,314,jokes
1275,3,9,315,leaves_conversation
1276,3,9,316,makes_deeptalk
1277,3,9,317,shows_concern
1278,3,9,318,changes_the_topic
1279,3,9,319,jokes
1280,4,0,0,starts_conversation
1281,4,0,1,stands_in_corner
1282,4,0,2,stands_in_corner
1283,4,0,3,stands_in_corner
1284,4,0,4,stands_in_corner
1285,4,0,5,starts_conversation
1286,4,0,6,starts_conversation
1287,4,0,7,starts_conversation
1288,4,0,8,leaves_room
1289,4,0,9,stands_in_corner
1290,4,0,10,leaves_room
1291,4,0,11,supports
1292,4,0,12,starts_conversation
1293,4,0,13,starts_conversation
1294,4,0,14,leaves_room
1295,4,0,15,yawns
1296,4,0,16,leaves_room
1297,4,0,17,leaves_room
1298,4,0,18,starts_conversation
1299,4,0,19,stands_in_corner
1300,4,0,20,leaves_room
1301,4,0,21,gives_controversial_opinion
1302,4,0,22,leaves_room
1303,4,0,23,stands_in_corner
1304,4,0,24,starts_conversation
1305,4,0,25,stands_in_corner
1306,4,0,26,laughs
1307,4,0,27,starts_conversation
1308,4,0,28,stands_in_corner
1309,4,0,29,stands_in_corner
1310,4,0,30,shows_interest
1311,4,0,31,starts_conversation
1312,4,1,32,yawns
1313,4,1,33,stands_in_corner
1314,4,1,34,leaves_room
1315,4,1,35,leaves_conversation
1316,4,1,36,leaves_room
1317,4,1,37,shows_concern
1318,4,1,38,shows_concern
1319,4,1,39,rants
1320,4,1,40,leaves_room
1321,4,1,41,yawns
1322,4,1,42,gives_controversial_opinion
1323,4,1,43,shows_concern
1324,4,1,44,rants
1325,4,1,45,stands_in_corner
1326,4,1,46,leaves_room
1327,4,1,47,makes_smalltalk
1328,4,1,48,shows_concern
1329,4,1,49,stands_in_corner
1330,4,1,50,shows_interest
1331,4,1,51,leaves_room
1332,4,1,52,starts_conversation
1333,4,1,53,shouts
1334,4,1,54,starts_conversation
1335,4,1,55,leaves_room
1336,4,1,56,changes_the_topic
1337,4,1,57,starts_conversation
1338,4,1,58,shouts
1339,4,1,59,makes_deeptalk
1340,4,1,60,starts_conversation
1341,4,1,61,leaves_room
1342,4,1,62,gives_controversial_opinion
1343,4,1,63,shows_interest
1344,4,2,64,makes_smalltalk
1345,4,2,65,leaves_room
1346,4,2,66,leaves_room
1347,4,2,67,stands_in_corner
1348,4,2,68,leaves_room
1349,4,2,69,jokes
1350,4,2,70,shouts
1351,4,2,71,laughs
1352,4,2,72,stands_in_corner
1353,4,2,73,yawns
1354,4,2,74,makes_smalltalk
1355,4,2,75,yawns
1356,4,2,76,yawns
1357,4,2,77,stands_in_corner
1358,4,2,78,gives_controversial_opinion
1359,4,2,79,makes_deeptalk
1360,4,2,80,supports
1361,4,2,81,starts_conversation
1362,4,2,82,shows_interest
1363,4,2,83,supports
1364,4,2,84,changes_the_topic
1365,4,2,85,gives_controversial_opinion
1366,4,2,86,rants
1367,4,2,87,shows_concern
1368,4,2,88,shares
1369,4,2,89,makes_deeptalk
1370,4,2,90,shows_concern
1371,4,2,91,leaves_conversation
1372,4,2,92,leaves_conversation
1373,4,2,93,leaves_room
1374,4,2,94,makes_deeptalk
1375,4,2,95,changes_the_topic
1376,4,3,96,yawns
1377,4,3,97,gives_controversial_opinion
1378,4,3,98,starts_conversation
1379,4,3,99,starts_conversation
1380,4,3,100,stands_in_corner
1381,4,3,101,gives_an_insult
1382,4,3,102,shows_concern
1383,4,3,103,gives_an_insult
1384,4,3,104,leaves_room
1385,4,3,105,yawns
1386,4,3,106,shouts
1387,4,3,107,shows_concern
1388,4,3,108,leaves_conversation
1389,4,3,109,laughs
1390,4,3,110,makes_smalltalk
1391,4,3,111,makes_smalltalk
1392,4,3,112,makes_smalltalk
1393,4,3,113,jokes
1394,4,3,114,shows_interest
1395,4,3,115,supports
1396,4,3,116,makes_deeptalk
1397,4,3,117,changes_the_topic
1398,4,3,118,leaves_conversation
1399,4,3,119,starts_conversation
1400,4,3,120,gives_an_insult
1401,4,3,121,changes_the_topic
1402,4,3,122,makes_deeptalk
1403,4,3,123,stands_in_corner
1404,4,3,124,starts_conversation
1405,4,3,125,starts_conversation
1406,4,3,126,brags
1407,4,3,127,supports
1408,4,4,128,yawns
1409,4,4,129,makes_deeptalk
1410,4,4,130,jokes
1411,4,4,131,shows_concern
1412,4,4,132,starts_conversation
1413,4,4,133,shares
1414,4,4,134,supports
1415,4,4,135,supports
1416,4,4,136,shares
1417,4,4,137,leaves_conversation
1418,4,4,138,stands_in_corner
1419,4,4,139,shows_interest
1420,4,4,140,stands_in_corner
1421,4,4,141,shouts
1422,4,4,142,rants
1423,4,4,143,shares
1424,4,4,144,brags
1425,4,4,145,shares
1426,4,4,146,shows_interest
1427,4,4,147,shares
1428,4,4,148,makes_deeptalk
1429,4,4,149,jokes
1430,4,4,150,laughs
1431,4,4,151,shows_concern
1432,4,4,152,shouts
1433,4,4,153,jokes
1434,4,4,154,yawns
1435,4,4,155,starts_conversation
1436,4,4,156,shares
1437,4,4,157,gives_an_insult
1438,4,4,158,gives_an_insult
1439,4,4,159,stands_in_corner
1440,4,5,160,yawns
1441,4,5,161,supports
1442,4,5,162,shows_concern
1443,4,5,163,shows_concern
1444,4,5,164,makes_deeptalk
1445,4,5,165,makes_deeptalk
1446,4,5,166,supports
1447,4,5,167,shows_interest
1448,4,5,168,changes_the_topic
1449,4,5,169,stands_in_corner
1450,4,5,170,leaves_room
1451,4,5,171,makes_deeptalk
1452,4,5,172,shows_interest
1453,4,5,173,makes_deeptalk
1454,4,5,174,makes_smalltalk
1455,4,5,175,shows_interest
1456,4,5,176,changes_the_topic
1457,4,5,177,shows_interest
1458,4,5,178,gives_controversial_opinion
1459,4,5,179,yawns
1460,4,5,180,makes_deeptalk
1461,4,5,181,changes_the_topic
1462,4,5,182,shows_concern
1463,4,5,183,gives_an_insult
1464,4,5,184,changes_the_topic
1465,4,5,185,makes_deeptalk
1466,4,5,186,brags
1467,4,5,187,leaves_conversation
1468,4,5,188,shouts
1469,4,5,189,makes_deeptalk
1470,4,5,190,leaves_conversation
1471,4,5,191,stands_in_corner
1472,4,6,192,leaves_room
1473,4,6,193,supports
1474,4,6,194,jokes
1475,4,6,195,shows_concern
1476,4,6,196,shows_interest
1477,4,6,197,leaves_conversation
1478,4,6,198,supports
1479,4,6,199,supports
1480,4,6,200,laughs
1481,4,6,201,stands_in_corner
1482,4,6,202,starts_conversation
1483,4,6,203,shows_interest
1484,4,6,204,stands_in_corner
1485,4,6,205,makes_deeptalk
1486,4,6,206,shows_concern
1487,4,6,207,stands_in_corner
1488,4,6,208,yawns
1489,4,6,209,shows_interest
1490,4,6,210,gives_an_insult
1491,4,6,211,supports
1492,4,6,212,makes_deeptalk
1493,4,6,213,rants
1494,4,6,214,shows_interest
1495,4,6,215,laughs
1496,4,6,216,jokes
1497,4,6,217,gives_controversial_opinion
1498,4,6,218,changes_the_topic
1499,4,6,219,stands_in_corner
1500,4,6,220,brags
1501,4,6,221,makes_smalltalk
1502,4,6,222,starts_conversation
1503,4,6,223,starts_conversation
1504,4,7,224,starts_conversation
1505,4,7,225,rants
1506,4,7,226,yawns
1507,4,7,227,laughs
1508,4,7,228,laughs
1509,4,7,229,yawns
1510,4,7,230,supports
1511,4,7,231,makes_deeptalk
1512,4,7,232,yawns
1513,4,7,233,stands_in_corner
1514,4,7,234,makes_deeptalk
1515,4,7,235,makes_smalltalk
1516,4,7,236,supports
1517,4,7,237,makes_deeptalk
1518,4,7,238,changes_the_topic
1519,4,7,239,leaves_conversation
1520,4,7,240,shows_interest
1521,4,7,241,gives_controversial_opinion
1522,4,7,242,shows_interest
1523,4,7,243,leaves_conversation
1524,4,7,244,changes_the_topic
1525,4,7,245,brags
1526,4,7,246,makes_smalltalk
1527,4,7,247,gives_controversial_opinion
1528,4,7,248,laughs
1529,4,7,249,starts_conversation
1530,4,7,250,shows_concern
1531,4,7,251,starts_conversation
1532,4,7,252,gives_controversial_opinion
1533,4,7,253,gives_controversial_opinion
1534,4,7,254,shows_interest
1535,4,7,255,leaves_room
1536,4,8,256,yawns
1537,4,8,257,shows_concern
1538,4,8,258,shouts
1539,4,8,259,shows_concern
1540,4,8,260,supports
1541,4,8,261,shows_concern
1542,4,8,262,supports
1543,4,8,263,supports
1544,4,8,264,shows_interest
1545,4,8,265,stands_in_corner
1546,4,8,266,shows_interest
1547,4,8,267,gives_an_insult
1548,4,8,268,shows_concern
1549,4,8,269,shouts
1550,4,8,270,supports
1551,4,8,271,rants
1552,4,8,272,makes_deeptalk
1553,4,8,273,makes_deeptalk
1554,4,8,274,shows_interest
1555,4,8,275,stands_in_corner
1556,4,8,276,shouts
1557,4,8,277,changes_the_topic
1558,4,8,278,brags
1559,4,8,279,gives_controversial_opinion
1560,4,8,280,makes_deeptalk
1561,4,8,281,brags
1562,4,8,282,rants
1563,4,8,283,yawns
1564,4,8,284,makes_deeptalk
1565,4,8,285,makes_deeptalk
1566,4,8,286,yawns
1567,4,8,287,starts_conversation
1568,4,9,288,yawns
1569,4,9,289,leaves_conversation
1570,4,9,290,supports
1571,4,9,291,shows_concern
1572,4,9,292,makes_smalltalk
1573,4,9,293,yawns
1574,4,9,294,jokes
1575,4,9,295,shows_concern
1576,4,9,296,laughs
1577,4,9,297,stands_in_corner
1578,4,9,298,makes_smalltalk
1579,4,9,299,makes_deeptalk
1580,4,9,300,gives_an_insult
1581,4,9,301,brags
1582,4,9,302,shows_interest
1583,4,9,303,supports
1584,4,9,304,brags
1585,4,9,305,leaves_room
1586,4,9,306,shows_interest
1587,4,9,307,stands_in_corner
1588,4,9,308,makes_deeptalk
1589,4,9,309,makes_smalltalk
1590,4,9,310,rants
1591,4,9,311,rants
1592,4,9,312,shares
1593,4,9,313,makes_smalltalk
1594,4,9,314,supports
1595,4,9,315,gives_controversial_opinion
1596,4,9,316,laughs
1597,4,9,317,shows_concern
1598,4,9,318,shouts
1599,4,9,319,yawns
1600,5,0,0,starts_conversation
1601,5,0,1,rants
1602,5,0,2,stands_in_corner
1603,5,0,3,starts_conversation
1604,5,0,4,starts_conversation
1605,5,0,5,starts_conversation
1606,5,0,6,starts_conversation
1607,5,0,7,makes_smalltalk
1608,5,0,8,starts_conversation
1609,5,0,9,starts_conversation
1610,5,0,10,starts_conversation
1611,5,0,11,stands_in_corner
1612,5,0,12,starts_conversation
1613,5,0,13,leaves_room
1614,5,0,14,jokes
1615,5,0,15,starts_conversation
1616,5,0,16,starts_conversation
1617,5,0,17,starts_conversation
1618,5,0,18,starts_conversation
1619,5,0,19,gives_an_insult
1620,5,0,20,stands_in_corner
1621,5,0,21,gives_an_insult
1622,5,0,22,shows_interest
1623,5,0,23,stands_in_corner
1624,5,0,24,leaves_room
1625,5,0,25,shows_interest
1626,5,0,26,stands_in_corner
1627,5,0,27,shows_concern
1628,5,0,28,jokes
1629,5,0,29,leaves_room
1630,5,0,30,gives_controversial_opinion
1631,5,0,31,gives_an_insult
1632,5,1,32,jokes
1633,5,1,33,supports
1634,5,1,34,leaves_room
1635,5,1,35,shows_concern
1636,5,1,36,shows_concern
1637,5,1,37,rants
1638,5,1,38,jokes
1639,5,1,39,rants
1640,5,1,40,brags
1641,5,1,41,shows_concern
1642,5,1,42,shows_concern
1643,5,1,43,leaves_room
1644,5,1,44,changes_the_topic
1645,5,1,45,starts_conversation
1646,5,1,46,gives_an_insult
1647,5,1,47,laughs
1648,5,1,48,jokes
1649,5,1,49,shows_concern
1650,5,1,50,shows_interest
1651,5,1,51,gives_an_insult
1652,5,1,52,leaves_room
1653,5,1,53,gives_controversial_opinion
1654,5,1,54,gives_controversial_opinion
1655,5,1,55,leaves_room
1656,5,1,56,starts_conversation
1657,5,1,57,makes_deeptalk
1658,5,1,58,starts_conversation
1659,5,1,59,leaves_conversation
1660,5,1,60,shares
1661,5,1,61,leaves_conversation
1662,5,1,62,shares
1663,5,1,63,rants
1664,5,2,64,gives_controversial_opinion
1665,5,2,65,gives_an_insult
1666,5,2,66,leaves_room
1667,5,2,67,shows_concern
1668,5,2,68,changes_the_topic
1669,5,2,69,leaves_conversation
1670,5,2,70,supports
1671,5,2,71,starts_conversation
1672,5,2,72,leaves_conversation
1673,5,2,73,shows_interest
1674,5,2,74,gives_an_insult
1675,5,2,75,changes_the_topic
1676,5,2,76,jokes
1677,5,2,77,leaves_room
1678,5,2,78,changes_the_topic
1679,5,2,79,leaves_room
1680,5,2,80,shares
1681,5,2,81,gives_controversial_opinion
1682,5,2,82,shows_concern
1683,5,2,83,leaves_conversation
1684,5,2,84,leaves_room
1685,5,2,85,stands_in_corner
1686,5,2,86,shows_interest
1687,5,2,87,stands_in_corner
1688,5,2,88,leaves_conversation
1689,5,2,89,yawns
1690,5,2,90,makes_smalltalk
1691,5,2,91,stands_in_corner
1692,5,2,92,brags
1693,5,2,93,leaves_room
1694,5,2,94,changes_the_topic
1695,5,2,95,shouts
1696,5,3,96,yawns
1697,5,3,97,shouts
1698,5,3,98,stands_in_corner
1699,5,3,99,supports
1700,5,3,100,shows_interest
1701,5,3,101,makes_deeptalk
1702,5,3,102,supports
1703,5,3,103,changes_the_topic
1704,5,3,104,starts_conversation
1705,5,3,105,leaves_conversation
1706,5,3,106,brags
1707,5,3,107,starts_conversation
1708,5,3,108,leaves_conversation
1709,5,3,109,leaves_room
1710,5,3,110,yawns
1711,5,3,111,starts_conversation
1712,5,3,112,leaves_room
1713,5,3,113,shares
1714,5,3,114,shows_interest
1715,5,3,115,leaves_room
1716,5,3,116,gives_an_insult
1717,5,3,117,gives_an_insult
1718,5,3,118,makes_deeptalk
1719,5,3,119,stands_in_corner
1720,5,3,120,leaves_room
1721,5,3,121,shares
1722,5,3,122,shows_interest
1723,5,3,123,starts_conversation
1724,5,3,124,gives_controversial_opinion
1725,5,3,125,stands_in_corner
1726,5,3,126,stands_in_corner
1727,5,3,127,shouts
1728,5,4,128,yawns
1729,5,4,129,brags
1730,5,4,130,leaves_room
1731,5,4,131,yawns
1732,5,4,132,rants
1733,5,4,133,shows_interest
1734,5,4,134,shouts
1735,5,4,135,shows_concern
1736,5,4,136,yawns
1737,5,4,137,stands_in_corner
1738,5,4,138,shows_concern
1739,5,4,139,shows_concern
1740,5,4,140,starts_conversation
1741,5,4,141,starts_conversation
1742,5,4,142,shows_concern
1743,5,4,143,shows_interest
1744,5,4,144,leaves_room
1745,5,4,145,supports
1746,5,4,146,shows_interest
1747,5,4,147,gives_controversial_opinion
1748,5,4,148,shouts
1749,5,4,149,leaves_conversation
1750,5,4,150,shows_interest
1751,5,4,151,starts_conversation
1752,5,4,152,starts_conversation
1753,5,4,153,jokes
1754,5,4,154,makes_smalltalk
1755,5,4,155,shares
1756,5,4,156,yawns
1757,5,4,157,leaves_room
1758,5,4,158,shows_concern
1759,5,4,159,gives_controversial_opinion
1760,5,5,160,yawns
1761,5,5,161,jokes
1762,5,5,162,leaves_room
1763,5,5,163,shows_concern
1764,5,5,164,leaves_conversation
1765,5,5,165,makes_deeptalk
1766,5,5,166,supports
1767,5,5,167,brags
1768,5,5,168,makes_smalltalk
1769,5,5,169,starts_conversation
1770,5,5,170,leaves_conversation
1771,5,5,171,shows_interest
1772,5,5,172,gives_an_insult
1773,5,5,173,makes_smalltalk
1774,5,5,174,starts_conversation
1775,5,5,175,jokes
1776,5,5,176,shows_concern
1777,5,5,177,laughs
1778,5,5,178,jokes
1779,5,5,179,shouts
1780,5,5,180,makes_deeptalk
1781,5,5,181,leaves_room
1782,5,5,182,makes_deeptalk
1783,5,5,183,makes_smalltalk
1784,5,5,184,yawns
1785,5,5,185,gives_controversial_opinion
1786,5,5,186,shows_concern
1787,5,5,187,shows_interest
1788,5,5,188,laughs
1789,5,5,189,makes_smalltalk
1790,5,5,190,laughs
1791,5,5,191,gives_controversial_opinion
1792,5,6,192,jokes
1793,5,6,193,yawns
1794,5,6,194,leaves_room
1795,5,6,195,shows_concern
1796,5,6,196,leaves_room
1797,5,6,197,leaves_conversation
1798,5,6,198,supports
1799,5,6,199,leaves_room
1800,5,6,200,laughs
1801,5,6,201,shouts
1802,5,6,202,starts_conversation
1803,5,6,203,makes_smalltalk
1804,5,6,204,laughs
1805,5,6,205,jokes
1806,5,6,206,jokes
1807,5,6,207,brags
1808,5,6,208,gives_an_insult
1809,5,6,209,yawns
1810,5,6,210,changes_the_topic
1811,5,6,211,makes_smalltalk
1812,5,6,212,makes_deeptalk
1813,5,6,213,starts_conversation
1814,5,6,214,supports
1815,5,6,215,makes_deeptalk
1816,5,6,216,gives_an_insult
1817,5,6,217,brags
1818,5,6,218,brags
1819,5,6,219,shows_concern
1820,5,6,220,yawns
1821,5,6,221,shows_interest
1822,5,6,222,shares
1823,5,6,223,jokes
1824,5,7,224,yawns
1825,5,7,225,yawns
1826,5,7,226,leaves_room
1827,5,7,227,shows_interest
1828,5,7,228,supports
1829,5,7,229,gives_controversial_opinion
1830,5,7,230,supports
1831,5,7,231,stands_in_corner
1832,5,7,232,supports
1833,5,7,233,gives_controversial_opinion
1834,5,7,234,jokes
1835,5,7,235,yawns
1836,5,7,236,shows_interest
1837,5,7,237,laughs
1838,5,7,238,changes_the_topic
1839,5,7,239,makes_deeptalk
1840,5,7,240,shouts
1841,5,7,241,laughs
1842,5,7,242,shows_interest
1843,5,7,243,gives_an_insult
1844,5,7,244,gives_controversial_opinion
1845,5,7,245,shouts
1846,5,7,246,shares
1847,5,7,247,shares
1848,5,7,248,shares
1849,5,7,249,shares
1850,5,7,250,shows_interest
1851,5,7,251,gives_an_insult
1852,5,7,252,makes_smalltalk
1853,5,7,253,supports
1854,5,7,254,leaves_conversation
1855,5,7,255,shows_concern
1856,5,8,256,brags
1857,5,8,257,leaves_conversation
1858,5,8,258,starts_conversation
1859,5,8,259,shows_concern
1860,5,8,260,changes_the_topic
1861,5,8,261,rants
1862,5,8,262,supports
1863,5,8,263,leaves_room
1864,5,8,264,makes_deeptalk
1865,5,8,265,gives_an_insult
1866,5,8,266,leaves_conversation
1867,5,8,267,changes_the_topic
1868,5,8,268,leaves_conversation
1869,5,8,269,laughs
1870,5,8,270,shares
1871,5,8,271,shows_concern
1872,5,8,272,jokes
1873,5,8,273,leaves_conversation
1874,5,8,274,shows_interest
1875,5,8,275,shares
1876,5,8,276,makes_deeptalk
1877,5,8,277,gives_controversial_opinion
1878,5,8,278,gives_controversial_opinion
1879,5,8,279,gives_controversial_opinion
1880,5,8,280,stands_in_corner
1881,5,8,281,stands_in_corner
1882,5,8,282,gives_an_insult
1883,5,8,283,yawns
1884,5,8,284,rants
1885,5,8,285,yawns
1886,5,8,286,stands_in_corner
1887,5,8,287,brags
1888,5,9,288,yawns
1889,5,9,289,starts_conversation
1890,5,9,290,shows_interest
1891,5,9,291,laughs
1892,5,9,292,starts_conversation
1893,5,9,293,rants
1894,5,9,294,supports
1895,5,9,295,starts_conversation
1896,5,9,296,shouts
1897,5,9,297,changes_the_topic
1898,5,9,298,leaves_room
1899,5,9,299,shares
1900,5,9,300,stands_in_corner
1901,5,9,301,makes_smalltalk
1902,5,9,302,shouts
1903,5,9,303,supports
1904,5,9,304,shows_concern
1905,5,9,305,makes_smalltalk
1906,5,9,306,gives_controversial_opinion
1907,5,9,307,brags
1908,5,9,308,makes_deeptalk
1909,5,9,309,jokes
1910,5,9,310,jokes
1911,5,9,311,rants
1912,5,9,312,starts_conversation
1913,5,9,313,makes_smalltalk
1914,5,9,314,yawns
1915,5,9,315,rants
1916,5,9,316,gives_controversial_opinion
1917,5,9,317,shares
1918,5,9,318,starts_conversation
1919,5,9,319,gives_controversial_opinion
1920,6,0,0,starts_conversation
1921,6,0,1,stands_in_corner
1922,6,0,2,leaves_room
1923,6,0,3,starts_conversation
1924,6,0,4,stands_in_corner
1925,6,0,5,starts_conversation
1926,6,0,6,starts_conversation
1927,6,0,7,stands_in_corner
1928,6,0,8,starts_conversation
1929,6,0,9,starts_conversation
1930,6,0,10,leaves_room
1931,6,0,11,stands_in_corner
1932,6,0,12,stands_in_corner
1933,6,0,13,starts_conversation
1934,6,0,14,starts_conversation
1935,6,0,15,leaves_room
1936,6,0,16,rants
1937,6,0,17,gives_controversial_opinion
1938,6,0,18,starts_conversation
1939,6,0,19,stands_in_corner
1940,6,0,20,starts_conversation
1941,6,0,21,leaves_room
1942,6,0,22,shares
1943,6,0,23,starts_conversation
1944,6,0,24,leaves_room
1945,6,0,25,starts_conversation
1946,6,0,26,shares
1947,6,0,27,laughs
1948,6,0,28,stands_in_corner
1949,6,0,29,supports
1950,6,0,30,gives_controversial_opinion
1951,6,0,31,leaves_room
1952,6,1,32,yawns
1953,6,1,33,rants
1954,6,1,34,stands_in_corner
1955,6,1,35,supports
1956,6,1,36,leaves_room
1957,6,1,37,gives_an_insult
1958,6,1,38,supports
1959,6,1,39,starts_conversation
1960,6,1,40,gives_an_insult
1961,6,1,41,laughs
1962,6,1,42,gives_controversial_opinion
1963,6,1,43,supports
1964,6,1,44,leaves_conversation
1965,6,1,45,leaves_conversation
1966,6,1,46,starts_conversation
1967,6,1,47,leaves_room
1968,6,1,48,shouts
1969,6,1,49,leaves_conversation
1970,6,1,50,makes_deeptalk
1971,6,1,51,leaves_room
1972,6,1,52,makes_deeptalk
1973,6,1,53,starts_conversation
1974,6,1,54,changes_the_topic
1975,6,1,55,supports
1976,6,1,56,shares
1977,6,1,57,leaves_conversation
1978,6,1,58,changes_the_topic
1979,6,1,59,jokes
1980,6,1,60,leaves_room
1981,6,1,61,stands_in_corner
1982,6,1,62,laughs
1983,6,1,63,supports
1984,6,2,64,yawns
1985,6,2,65,laughs
1986,6,2,66,starts_conversation
1987,6,2,67,laughs
1988,6,2,68,gives_controversial_opinion
1989,6,2,69,shows_concern
1990,6,2,70,supports
1991,6,2,71,leaves_conversation
1992,6,2,72,stands_in_corner
1993,6,2,73,brags
1994,6,2,74,shows_concern
1995,6,2,75,shows_interest
1996,6,2,76,starts_conversation
1997,6,2,77,stands_in_corner
1998,6,2,78,supports
1999,6,2,79,yawns
2000,6,2,80,supports
2001,6,2,81,starts_conversation
2002,6,2,82,shows_interest
2003,6,2,83,shares
2004,6,2,84,makes_deeptalk
2005,6,2,85,shares
2006,6,2,86,jokes
2007,6,2,87,leaves_conversation
2008,6,2,88,shares
2009,6,2,89,leaves_room
2010,6,2,90,shouts
2011,6,2,91,makes_smalltalk
2012,6,2,92,stands_in_corner
2013,6,2,93,starts_conversation
2014,6,2,94,rants
2015,6,2,95,leaves_room
2016,6,3,96,yawns
2017,6,3,97,supports
2018,6,3,98,gives_an_insult
2019,6,3,99,leaves_conversation
2020,6,3,100,makes_smalltalk
2021,6,3,101,rants
2022,6,3,102,supports
2023,6,3,103,jokes
2024,6,3,104,starts_conversation
2025,6,3,105,yawns
2026,6,3,106,stands_in_corner
2027,6,3,107,gives_an_insult
2028,6,3,108,gives_an_insult
2029,6,3,109,supports
2030,6,3,110,gives_controversial_opinion
2031,6,3,111,changes_the_topic
2032,6,3,112,shows_interest
2033,6,3,113,changes_the_topic
2034,6,3,114,rants
2035,6,3,115,laughs
2036,6,3,116,shows_concern
2037,6,3,117,gives_controversial_opinion
2038,6,3,118,rants
2039,6,3,119,starts_conversation
2040,6,3,120,makes_smalltalk
2041,6,3,121,shows_interest
2042,6,3,122,shares
2043,6,3,123,jokes
2044,6,3,124,leaves_room
2045,6,3,125,shouts
2046,6,3,126,shouts
2047,6,3,127,leaves_room
2048,6,4,128,yawns
2049,6,4,129,stands_in_corner
2050,6,4,130,yawns
2051,6,4,131,stands_in_corner
2052,6,4,132,makes_deeptalk
2053,6,4,133,makes_smalltalk
2054,6,4,134,supports
2055,6,4,135,makes_smalltalk
2056,6,4,136,shouts
2057,6,4,137,gives_controversial_opinion
2058,6,4,138,starts_conversation
2059,6,4,139,shows_interest
2060,6,4,140,gives_an_insult
2061,6,4,141,yawns
2062,6,4,142,jokes
2063,6,4,143,supports
2064,6,4,144,shouts
2065,6,4,145,gives_controversial_opinion
2066,6,4,146,makes_deeptalk
2067,6,4,147,laughs
2068,6,4,148,makes_deeptalk
2069,6,4,149,jokes
2070,6,4,150,makes_smalltalk
2071,6,4,151,shouts
2072,6,4,152,brags
2073,6,4,153,leaves_conversation
2074,6,4,154,makes_deeptalk
2075,6,4,155,jokes
2076,6,4,156,stands_in_corner
2077,6,4,157,shows_concern
2078,6,4,158,shares
2079,6,4,159,leaves_room
2080,6,5,160,rants
2081,6,5,161,shares
2082,6,5,162,gives_controversial_opinion
2083,6,5,163,leaves_room
2084,6,5,164,shows_interest
2085,6,5,165,makes_deeptalk
2086,6,5,166,supports
2087,6,5,167,leaves_conversation
2088,6,5,168,leaves_room
2089,6,5,169,shows_concern
2090,6,5,170,supports
2091,6,5,171,gives_an_insult
2092,6,5,172,shows_interest
2093,6,5,173,shouts
2094,6,5,174,shares
2095,6,5,175,laughs
2096,6,5,176,gives_controversial_opinion
2097,6,5,177,leaves_room
2098,6,5,178,changes_the_topic
2099,6,5,179,rants
2100,6,5,180,makes_deeptalk
2101,6,5,181,makes_deeptalk
2102,6,5,182,makes_deeptalk
2103,6,5,183,shares
2104,6,5,184,shares
2105,6,5,185,leaves_room
2106,6,5,186,supports
2107,6,5,187,shows_concern
2108,6,5,188,starts_conversation
2109,6,5,189,makes_deeptalk
2110,6,5,190,jokes
2111,6,5,191,starts_conversation
2112,6,6,192,brags
2113,6,6,193,yawns
2114,6,6,194,gives_an_insult
2115,6,6,195,stands_in_corner
2116,6,6,196,makes_deeptalk
2117,6,6,197,rants
2118,6,6,198,supports
2119,6,6,199,supports
2120,6,6,200,starts_conversation
2121,6,6,201,laughs
2122,6,6,202,changes_the_topic
2123,6,6,203,makes_deeptalk
2124,6,6,204,shows_interest
2125,6,6,205,rants
2126,6,6,206,brags
2127,6,6,207,yawns
2128,6,6,208,shares
2129,6,6,209,leaves_room
2130,6,6,210,shows_interest
2131,6,6,211,shares
2132,6,6,212,yawns
2133,6,6,213,yawns
2134,6,6,214,shows_concern
2135,6,6,215,brags
2136,6,6,216,shouts
2137,6,6,217,yawns
2138,6,6,218,gives_controversial_opinion
2139,6,6,219,shows_interest
2140,6,6,220,gives_an_insult
2141,6,6,221,shouts
2142,6,6,222,jokes
2143,6,6,223,leaves_conversation
2144,6,7,224,yawns
2145,6,7,225,yawns
2146,6,7,226,rants
2147,6,7,227,stands_in_corner
2148,6,7,228,makes_smalltalk
2149,6,7,229,leaves_conversation
2150,6,7,230,shouts
2151,6,7,231,shows_interest
2152,6,7,232,makes_smalltalk
2153,6,7,233,jokes
2154,6,7,234,gives_an_insult
2155,6,7,235,shouts
2156,6,7,236,gives_an_insult
2157,6,7,237,shouts
2158,6,7,238,shouts
2159,6,7,239,laughs
2160,6,7,240,makes_smalltalk
2161,6,7,241,starts_conversation
2162,6,7,242,brags
2163,6,7,243,rants
2164,6,7,244,makes_deeptalk
2165,6,7,245,leaves_conversation
2166,6,7,246,jokes
2167,6,7,247,brags
2168,6,7,248,stands_in_corner
2169,6,7,249,shares
2170,6,7,250,gives_controversial_opinion
2171,6,7,251,makes_smalltalk
2172,6,7,252,supports
2173,6,7,253,yawns
2174,6,7,254,leaves_room
2175,6,7,255,starts_conversation
2176,6,8,256,yawns
2177,6,8,257,makes_deeptalk
2178,6,8,258,shares
2179,6,8,259,makes_deeptalk
2180,6,8,260,brags
2181,6,8,261,starts_conversation
2182,6,8,262,supports
2183,6,8,263,leaves_conversation
2184,6,8,264,shows_interest
2185,6,8,265,laughs
2186,6,8,266,brags
2187,6,8,267,makes_deeptalk
2188,6,8,268,leaves_conversation
2189,6,8,269,gives_controversial_opinion
2190,6,8,270,supports
2191,6,8,271,makes_smalltalk
2192,6,8,272,shares
2193,6,8,273,jokes
2194,6,8,274,shows_interest
2195,6,8,275,starts_conversation
2196,6,8,276,makes_deeptalk
2197,6,8,277,stands_in_corner
2198,6,8,278,makes_deeptalk
2199,6,8,279,yawns
2200,6,8,280,gives_controversial_opinion
2201,6,8,281,gives_an_insult
2202,6,8,282,laughs
2203,6,8,283,shouts
2204,6,8,284,leaves_room
2205,6,8,285,jokes
2206,6,8,286,leaves_room
2207,6,8,287,changes_the_topic
2208,6,9,288,yawns
2209,6,9,289,rants
2210,6,9,290,jokes
2211,6,9,291,shares
2212,6,9,292,gives_controversial_opinion
2213,6,9,293,shares
2214,6,9,294,shows_interest
2215,6,9,295,stands_in_corner
2216,6,9,296,shouts
2217,6,9,297,brags
2218,6,9,298,gives_an_insult
2219,6,9,299,changes_the_topic
2220,6,9,300,jokes
2221,6,9,301,yawns
2222,6,9,302,yawns
2223,6,9,303,brags
2224,6,9,304,brags
2225,6,9,305,gives_an_insult
2226,6,9,306,shows_interest
2227,6,9,307,shares
2228,6,9,308,shares
2229,6,9,309,stands_in_corner
2230,6,9,310,supports
2231,6,9,311,gives_an_insult
2232,6,9,312,yawns
2233,6,9,313,laughs
2234,6,9,314,leaves_conversation
2235,6,9,315,laughs
2236,6,9,316,stands_in_corner
2237,6,9,317,shows_concern
2238,6,9,318,stands_in_corner
2239,6,9,319,yawns
2240,7,0,0,leaves_room
2241,7,0,1,stands_in_corner
2242,7,0,2,starts_conversation
2243,7,0,3,leaves_room
2244,7,0,4,starts_conversation
2245,7,0,5,stands_in_corner
2246,7,0,6,starts_conversation
2247,7,0,7,leaves_room
2248,7,0,8,stands_in_corner
2249,7,0,9,leaves_conversation
2250,7,0,10,stands_in_corner
2251,7,0,11,leaves_room
2252,7,0,12,stands_in_corner
2253,7,0,13,stands_in_corner
2254,7,0,14,starts_conversation
2255,7,0,15,stands_in_corner
2256,7,0,16,starts_conversation
2257,7,0,17,leaves_room
2258,7,0,18,starts_conversation
2259,7,0,19,leaves_room
2260,7,0,20,leaves_room
2261,7,0,21,stands_in_corner
2262,7,0,22,leaves_room
2263,7,0,23,starts_conversation
2264,7,0,24,shouts
2265,7,0,25,leaves_room
2266,7,0,26,leaves_room
2267,7,0,27,stands_in_corner
2268,7,0,28,stands_in_corner
2269,7,0,29,starts_conversation
2270,7,0,30,starts_conversation
2271,7,0,31,leaves_room
2272,7,1,32,starts_conversation
2273,7,1,33,stands_in_corner
2274,7,1,34,supports
2275,7,1,35,starts_conversation
2276,7,1,36,changes_the_topic
2277,7,1,37,stands_in_corner
2278,7,1,38,starts_conversation
2279,7,1,39,shows_interest
2280,7,1,40,stands_in_corner
2281,7,1,41,laughs
2282,7,1,42,leaves_room
2283,7,1,43,rants
2284,7,1,44,starts_conversation
2285,7,1,45,starts_conversation
2286,7,1,46,makes_deeptalk
2287,7,1,47,makes_deeptalk
2288,7,1,48,leaves_conversation
2289,7,1,49,shows_interest
2290,7,1,50,supports
2291,7,1,51,yawns
2292,7,1,52,stands_in_corner
2293,7,1,53,starts_conversation
2294,7,1,54,stands_in_corner
2295,7,1,55,shows_interest
2296,7,1,56,starts_conversation
2297,7,1,57,starts_conversation
2298,7,1,58,shows_concern
2299,7,1,59,makes_deeptalk
2300,7,1,60,leaves_room
2301,7,1,61,shouts
2302,7,1,62,leaves_conversation
2303,7,1,63,leaves_room
2304,7,2,64,jokes
2305,7,2,65,leaves_room
2306,7,2,66,gives_controversial_opinion
2307,7,2,67,shows_concern
2308,7,2,68,shouts
2309,7,2,69,stands_in_corner
2310,7,2,70,supports
2311,7,2,71,gives_controversial_opinion
2312,7,2,72,leaves_room
2313,7,2,73,makes_smalltalk
2314,7,2,74,rants
2315,7,2,75,shouts
2316,7,2,76,makes_deeptalk
2317,7,2,77,rants
2318,7,2,78,gives_controversial_opinion
2319,7,2,79,yawns
2320,7,2,80,stands_in_corner
2321,7,2,81,stands_in_corner
2322,7,2,82,shows_interest
2323,7,2,83,shows_interest
2324,7,2,84,shows_interest
2325,7,2,85,makes_deeptalk
2326,7,2,86,stands_in_corner
2327,7,2,87,jokes
2328,7,2,88,shares
2329,7,2,89,supports
2330,7,2,90,changes_the_topic
2331,7,2,91,shows_concern
2332,7,2,92,stands_in_corner
2333,7,2,93,makes_deeptalk
2334,7,2,94,stands_in_corner
2335,7,2,95,leaves_room
2336,7,3,96,yawns
2337,7,3,97,starts_conversation
2338,7,3,98,leaves_conversation
2339,7,3,99,gives_an_insult
2340,7,3,100,makes_smalltalk
2341,7,3,101,starts_conversation
2342,7,3,102,leaves_conversation
2343,7,3,103,makes_smalltalk
2344,7,3,104,stands_in_corner
2345,7,3,105,makes_smalltalk
2346,7,3,106,makes_smalltalk
2347,7,3,107,brags
2348,7,3,108,supports
2349,7,3,109,makes_deeptalk
2350,7,3,110,shouts
2351,7,3,111,starts_conversation
2352,7,3,112,stands_in_corner
2353,7,3,113,starts_conversation
2354,7,3,114,shows_interest
2355,7,3,115,leaves_conversation
2356,7,3,116,makes_deeptalk
2357,7,3,117,rants
2358,7,3,118,leaves_conversation
2359,7,3,119,shows_concern
2360,7,3,120,laughs
2361,7,3,121,shouts
2362,7,3,122,jokes
2363,7,3,123,supports
2364,7,3,124,makes_deeptalk
2365,7,3,125,changes_the_topic
2366,7,3,126,makes_smalltalk
2367,7,3,127,supports
2368,7,4,128,shouts
2369,7,4,129,gives_controversial_opinion
2370,7,4,130,stands_in_corner
2371,7,4,131,shows_concern
2372,7,4,132,shows_concern
2373,7,4,133,stands_in_corner
2374,7,4,134,stands_in_corner
2375,7,4,135,jokes
2376,7,4,136,starts_conversation
2377,7,4,137,makes_smalltalk
2378,7,4,138,yawns
2379,7,4,139,yawns
2380,7,4,140,leaves_room
2381,7,4,141,yawns
2382,7,4,142,changes_the_topic
2383,7,4,143,makes_smalltalk
2384,7,4,144,leaves_room
2385,7,4,145,jokes
2386,7,4,146,shows_interest
2387,7,4,147,gives_controversial_opinion
2388,7,4,148,supports
2389,7,4,149,gives_controversial_opinion
2390,7,4,150,stands_in_corner
2391,7,4,151,gives_an_insult
2392,7,4,152,shouts
2393,7,4,153,rants
2394,7,4,154,yawns
2395,7,4,155,yawns
2396,7,4,156,changes_the_topic
2397,7,4,157,shows_concern
2398,7,4,158,shows_interest
2399,7,4,159,yawns
2400,7,5,160,yawns
2401,7,5,161,yawns
2402,7,5,162,starts_conversation
2403,7,5,163,makes_smalltalk
2404,7,5,164,laughs
2405,7,5,165,starts_conversation
2406,7,5,166,starts_conversation
2407,7,5,167,supports
2408,7,5,168,yawns
2409,7,5,169,shows_concern
2410,7,5,170,shouts
2411,7,5,171,makes_deeptalk
2412,7,5,172,shares
2413,7,5,173,shows_concern
2414,7,5,174,shouts
2415,7,5,175,shouts
2416,7,5,176,stands_in_corner
2417,7,5,177,yawns
2418,7,5,178,shows_interest
2419,7,5,179,shares
2420,7,5,180,yawns
2421,7,5,181,makes_deeptalk
2422,7,5,182,leaves_conversation
2423,7,5,183,changes_the_topic
2424,7,5,184,shows_concern
2425,7,5,185,shouts
2426,7,5,186,makes_smalltalk
2427,7,5,187,makes_smalltalk
2428,7,5,188,makes_smalltalk
2429,7,5,189,changes_the_topic
2430,7,5,190,rants
2431,7,5,191,makes_smalltalk
2432,7,6,192,yawns
2433,7,6,193,makes_smalltalk
2434,7,6,194,supports
2435,7,6,195,shows_concern
2436,7,6,196,yawns
2437,7,6,197,leaves_room
2438,7,6,198,supports
2439,7,6,199,gives_controversial_opinion
2440,7,6,200,makes_deeptalk
2441,7,6,201,changes_the_topic
2442,7,6,202,shouts
2443,7,6,203,laughs
2444,7,6,204,shouts
2445,7,6,205,leaves_conversation
2446,7,6,206,brags
2447,7,6,207,jokes
2448,7,6,208,stands_in_corner
2449,7,6,209,brags
2450,7,6,210,shows_interest
2451,7,6,211,shows_concern
2452,7,6,212,makes_deeptalk
2453,7,6,213,laughs
2454,7,6,214,starts_conversation
2455,7,6,215,rants
2456,7,6,216,shares
2457,7,6,217,jokes
2458,7,6,218,starts_conversation
2459,7,6,219,supports
2460,7,6,220,makes_deeptalk
2461,7,6,221,changes_the_topic
2462,7,6,222,leaves_conversation
2463,7,6,223,shows_concern
2464,7,7,224,yawns
2465,7,7,225,leaves_room
2466,7,7,226,makes_deeptalk
2467,7,7,227,makes_deeptalk
2468,7,7,228,gives_an_insult
2469,7,7,229,stands_in_corner
2470,7,7,230,supports
2471,7,7,231,leaves_conversation
2472,7,7,232,yawns
2473,7,7,233,shows_concern
2474,7,7,234,rants
2475,7,7,235,makes_smalltalk
2476,7,7,236,supports
2477,7,7,237,gives_an_insult
2478,7,7,238,gives_an_insult
2479,7,7,239,supports
2480,7,7,240,leaves_room
2481,7,7,241,shows_concern
2482,7,7,242,shows_interest
2483,7,7,243,yawns
2484,7,7,244,leaves_conversation
2485,7,7,245,rants
2486,7,7,246,shares
2487,7,7,247,jokes
2488,7,7,248,gives_controversial_opinion
2489,7,7,249,starts_conversation
2490,7,7,250,jokes
2491,7,7,251,shows_interest
2492,7,7,252,shows_concern
2493,7,7,253,rants
2494,7,7,254,stands_in_corner
2495,7,7,255,laughs
2496,7,8,256,stands_in_corner
2497,7,8,257,stands_in_corner
2498,7,8,258,shows_interest
2499,7,8,259,jokes
2500,7,8,260,rants
2501,7,8,261,leaves_conversation
2502,7,8,262,supports
2503,7,8,263,stands_in_corner
2504,7,8,264,shouts
2505,7,8,265,makes_smalltalk
2506,7,8,266,leaves_conversation
2507,7,8,267,supports
2508,7,8,268,shouts
2509,7,8,269,jokes
2510,7,8,270,shares
2511,7,8,271,shows_interest
2512,7,8,272,stands_in_corner
2513,7,8,273,gives_an_insult
2514,7,8,274,shows_interest
2515,7,8,275,shows_concern
2516,7,8,276,starts_conversation
2517,7,8,277,gives_controversial_opinion
2518,7,8,278,yawns
2519,7,8,279,makes_deeptalk
2520,7,8,280,starts_conversation
2521,7,8,281,starts_conversation
2522,7,8,282,changes_the_topic
2523,7,8,283,makes_smalltalk
2524,7,8,284,brags
2525,7,8,285,makes_smalltalk
2526,7,8,286,leaves_room
2527,7,8,287,makes_deeptalk
2528,7,9,288,gives_an_insult
2529,7,9,289,stands_in_corner
2530,7,9,290,shares
2531,7,9,291,makes_smalltalk
2532,7,9,292,shares
2533,7,9,293,leaves_room
2534,7,9,294,supports
2535,7,9,295,jokes
2536,7,9,296,shares
2537,7,9,297,shows_concern
2538,7,9,298,jokes
2539,7,9,299,brags
2540,7,9,300,makes_smalltalk
2541,7,9,301,laughs
2542,7,9,302,rants
2543,7,9,303,shows_concern
2544,7,9,304,stands_in_corner
2545,7,9,305,shows_concern
2546,7,9,306,gives_controversial_opinion
2547,7,9,307,gives_an_insult
2548,7,9,308,shows_concern
2549,7,9,309,laughs
2550,7,9,310,laughs
2551,7,9,311,makes_smalltalk
2552,7,9,312,leaves_conversation
2553,7,9,313,changes_the_topic
2554,7,9,314,changes_the_topic
2555,7,9,315,changes_the_topic
2556,7,9,316,brags
2557,7,9,317,yawns
2558,7,9,318,stands_in_corner
2559,7,9,319,leaves_conversation
2560,8,0,0,starts_conversation
2561,8,0,1,leaves_room
2562,8,0,2,starts_conversation
2563,8,0,3,stands_in_corner
2564,8,0,4,leaves_room
2565,8,0,5,leaves_room
2566,8,0,6,starts_conversation
2567,8,0,7,makes_deeptalk
2568,8,0,8,stands_in_corner
2569,8,0,9,stands_in_corner
2570,8,0,10,stands_in_corner
2571,8,0,11,leaves_room
2572,8,0,12,stands_in_corner
2573,8,0,13,leaves_room
2574,8,0,14,leaves_room
2575,8,0,15,jokes
2576,8,0,16,leaves_room
2577,8,0,17,starts_conversation
2578,8,0,18,leaves_room
2579,8,0,19,stands_in_corner
2580,8,0,20,starts_conversation
2581,8,0,21,leaves_room
2582,8,0,22,starts_conversation
2583,8,0,23,starts_conversation
2584,8,0,24,starts_conversation
2585,8,0,25,starts_conversation
2586,8,0,26,jokes
2587,8,0,27,starts_conversation
2588,8,0,28,rants
2589,8,0,29,stands_in_corner
2590,8,0,30,starts_conversation
2591,8,0,31,stands_in_corner
2592,8,1,32,yawns
2593,8,1,33,starts_conversation
2594,8,1,34,shows_concern
2595,8,1,35,shows_concern
2596,8,1,36,starts_conversation
2597,8,1,37,starts_conversation
2598,8,1,38,supports
2599,8,1,39,gives_controversial_opinion
2600,8,1,40,leaves_room
2601,8,1,41,stands_in_corner
2602,8,1,42,starts_conversation
2603,8,1,43,shares
2604,8,1,44,rants
2605,8,1,45,starts_conversation
2606,8,1,46,shouts
2607,8,1,47,jokes
2608,8,1,48,stands_in_corner
2609,8,1,49,makes_deeptalk
2610,8,1,50,yawns
2611,8,1,51,shows_concern
2612,8,1,52,makes_deeptalk
2613,8,1,53,shares
2614,8,1,54,shows_concern
2615,8,1,55,shouts
2616,8,1,56,makes_deeptalk
2617,8,1,57,leaves_conversation
2618,8,1,58,yawns
2619,8,1,59,leaves_conversation
2620,8,1,60,shows_concern
2621,8,1,61,starts_conversation
2622,8,1,62,yawns
2623,8,1,63,stands_in_corner
2624,8,2,64,yawns
2625,8,2,65,gives_controversial_opinion
2626,8,2,66,leaves_conversation
2627,8,2,67,shows_concern
2628,8,2,68,gives_an_insult
2629,8,2,69,leaves_conversation
2630,8,2,70,shows_concern
2631,8,2,71,laughs
2632,8,2,72,stands_in_corner
2633,8,2,73,stands_in_corner
2634,8,2,74,yawns
2635,8,2,75,changes_the_topic
2636,8,2,76,starts_conversation
2637,8,2,77,changes_the_topic
2638,8,2,78,makes_deeptalk
2639,8,2,79,starts_conversation
2640,8,2,80,leaves_room
2641,8,2,81,shouts
2642,8,2,82,gives_an_insult
2643,8,2,83,leaves_conversation
2644,8,2,84,makes_deeptalk
2645,8,2,85,gives_controversial_opinion
2646,8,2,86,leaves_conversation
2647,8,2,87,laughs
2648,8,2,88,leaves_conversation
2649,8,2,89,starts_conversation
2650,8,2,90,yawns
2651,8,2,91,starts_conversation
2652,8,2,92,leaves_room
2653,8,2,93,changes_the_topic
2654,8,2,94,changes_the_topic
2655,8,2,95,leaves_room
2656,8,3,96,yawns
2657,8,3,97,yawns
2658,8,3,98,starts_conversation
2659,8,3,99,brags
2660,8,3,100,supports
2661,8,3,101,shows_interest
2662,8,3,102,supports
2663,8,3,103,laughs
2664,8,3,104,gives_an_insult
2665,8,3,105,shows_concern
2666,8,3,106,leaves_room
2667,8,3,107,gives_controversial_opinion
2668,8,3,108,supports
2669,8,3,109,makes_deeptalk
2670,8,3,110,leaves_conversation
2671,8,3,111,yawns
2672,8,3,112,starts_conversation
2673,8,3,113,shows_concern
2674,8,3,114,shares
2675,8,3,115,starts_conversation
2676,8,3,116,makes_deeptalk
2677,8,3,117,shares
2678,8,3,118,starts_conversation
2679,8,3,119,jokes
2680,8,3,120,shares
2681,8,3,121,gives_controversial_opinion
2682,8,3,122,rants
2683,8,3,123,yawns
2684,8,3,124,starts_conversation
2685,8,3,125,gives_an_insult
2686,8,3,126,shows_interest
2687,8,3,127,shows_concern
2688,8,4,128,makes_smalltalk
2689,8,4,129,makes_smalltalk
2690,8,4,130,shows_interest
2691,8,4,131,shows_concern
2692,8,4,132,leaves_conversation
2693,8,4,133,jokes
2694,8,4,134,leaves_conversation
2695,8,4,135,shouts
2696,8,4,136,shares
2697,8,4,137,laughs
2698,8,4,138,stands_in_corner
2699,8,4,139,laughs
2700,8,4,140,leaves_room
2701,8,4,141,gives_an_insult
2702,8,4,142,shares
2703,8,4,143,brags
2704,8,4,144,shares
2705,8,4,145,rants
2706,8,4,146,shows_interest
2707,8,4,147,makes_smalltalk
2708,8,4,148,makes_deeptalk
2709,8,4,149,shares
2710,8,4,150,leaves_conversation
2711,8,4,151,gives_controversial_opinion
2712,8,4,152,starts_conversation
2713,8,4,153,shares
2714,8,4,154,starts_conversation
2715,8,4,155,jokes
2716,8,4,156,shouts
2717,8,4,157,shows_interest
2718,8,4,158,brags
2719,8,4,159,shows_interest
2720,8,5,160,supports
2721,8,5,161,yawns
2722,8,5,162,jokes
2723,8,5,163,shows_concern
2724,8,5,164,leaves_room
2725,8,5,165,laughs
2726,8,5,166,leaves_room
2727,8,5,167,laughs
2728,8,5,168,shows_interest
2729,8,5,169,supports
2730,8,5,170,stands_in_corner
2731,8,5,171,makes_smalltalk
2732,8,5,172,leaves_room
2733,8,5,173,shouts
2734,8,5,174,jokes
2735,8,5,175,makes_smalltalk
2736,8,5,176,makes_deeptalk
2737,8,5,177,shows_concern
2738,8,5,178,rants
2739,8,5,179,brags
2740,8,5,180,makes_deeptalk
2741,8,5,181,jokes
2742,8,5,182,jokes
2743,8,5,183,shouts
2744,8,5,184,laughs
2745,8,5,185,brags
2746,8,5,186,yawns
2747,8,5,187,changes_the_topic
2748,8,5,188,changes_the_topic
2749,8,5,189,yawns
2750,8,5,190,laughs
2751,8,5,191,brags
2752,8,6,192,yawns
2753,8,6,193,shares
2754,8,6,194,gives_controversial_opinion
2755,8,6,195,shows_concern
2756,8,6,196,starts_conversation
2757,8,6,197,rants
2758,8,6,198,shows_concern
2759,8,6,199,jokes
2760,8,6,200,rants
2761,8,6,201,changes_the_topic
2762,8,6,202,starts_conversation
2763,8,6,203,jokes
2764,8,6,204,leaves_room
2765,8,6,205,shows_interest
2766,8,6,206,shares
2767,8,6,207,shows_concern
2768,8,6,208,gives_an_insult
2769,8,6,209,gives_an_insult
2770,8,6,210,changes_the_topic
2771,8,6,211,leaves_conversation
2772,8,6,212,brags
2773,8,6,213,brags
2774,8,6,214,makes_smalltalk
2775,8,6,215,gives_an_insult
2776,8,6,216,makes_smalltalk
2777,8,6,217,yawns
2778,8,6,218,jokes
2779,8,6,219,shows_concern
2780,8,6,220,jokes
2781,8,6,221,laughs
2782,8,6,222,laughs
2783,8,6,223,stands_in_corner
2784,8,7,224,yawns
2785,8,7,225,changes_the_topic
2786,8,7,226,makes_smalltalk
2787,8,7,227,rants
2788,8,7,228,makes_deeptalk
2789,8,7,229,laughs
2790,8,7,230,brags
2791,8,7,231,changes_the_topic
2792,8,7,232,shows_concern
2793,8,7,233,makes_smalltalk
2794,8,7,234,shows_interest
2795,8,7,235,jokes
2796,8,7,236,stands_in_corner
2797,8,7,237,yawns
2798,8,7,238,supports
2799,8,7,239,shares
2800,8,7,240,gives_controversial_opinion
2801,8,7,241,brags
2802,8,7,242,yawns
2803,8,7,243,stands_in_corner
2804,8,7,244,laughs
2805,8,7,245,makes_smalltalk
2806,8,7,246,makes_deeptalk
2807,8,7,247,shouts
2808,8,7,248,makes_deeptalk
2809,8,7,249,shares
2810,8,7,250,leaves_conversation
2811,8,7,251,makes_smalltalk
2812,8,7,252,leaves_conversation
2813,8,7,253,makes_deeptalk
2814,8,7,254,shows_interest
2815,8,7,255,leaves_room
2816,8,8,256,yawns
2817,8,8,257,gives_an_insult
2818,8,8,258,rants
2819,8,8,259,shows_concern
2820,8,8,260,jokes
2821,8,8,261,makes_smalltalk
2822,8,8,262,shows_concern
2823,8,8,263,shares
2824,8,8,264,makes_smalltalk
2825,8,8,265,gives_controversial_opinion
2826,8,8,266,supports
2827,8,8,267,makes_smalltalk
2828,8,8,268,starts_conversation
2829,8,8,269,rants
2830,8,8,270,stands_in_corner
2831,8,8,271,rants
2832,8,8,272,shouts
2833,8,8,273,laughs
2834,8,8,274,makes_smalltalk
2835,8,8,275,starts_conversation
2836,8,8,276,changes_the_topic
2837,8,8,277,makes_smalltalk
2838,8,8,278,makes_deeptalk
2839,8,8,279,makes_deeptalk
2840,8,8,280,shouts
2841,8,8,281,shows_concern
2842,8,8,282,leaves_room
2843,8,8,283,leaves_conversation
2844,8,8,284,starts_conversation
2845,8,8,285,makes_deeptalk
2846,8,8,286,makes_deeptalk
2847,8,8,287,changes_the_topic
2848,8,9,288,yawns
2849,8,9,289,makes_deeptalk
2850,8,9,290,shares
2851,8,9,291,shows_concern
2852,8,9,292,rants
2853,8,9,293,brags
2854,8,9,294,supports
2855,8,9,295,leaves_conversation
2856,8,9,296,shares
2857,8,9,297,brags
2858,8,9,298,shows_interest
2859,8,9,299,gives_controversial_opinion
2860,8,9,300,yawns
2861,8,9,301,supports
2862,8,9,302,supports
2863,8,9,303,makes_smalltalk
2864,8,9,304,makes_smalltalk
2865,8,9,305,yawns
2866,8,9,306,shows_interest
2867,8,9,307,makes_deeptalk
2868,8,9,308,makes_deeptalk
2869,8,9,309,shows_interest
2870,8,9,310,supports
2871,8,9,311,makes_smalltalk
2872,8,9,312,supports
2873,8,9,313,makes_smalltalk
2874,8,9,314,leaves_room
2875,8,9,315,leaves_room
2876,8,9,316,makes_deeptalk
2877,8,9,317,makes_deeptalk
2878,8,9,318,supports
2879,8,9,319,shares
2880,9,0,0,starts_conversation
2881,9,0,1,stands_in_corner
2882,9,0,2,starts_conversation
2883,9,0,3,leaves_room
2884,9,0,4,starts_conversation
2885,9,0,5,leaves_room
2886,9,0,6,starts_conversation
2887,9,0,7,starts_conversation
2888,9,0,8,shares
2889,9,0,9,leaves_room
2890,9,0,10,starts_conversation
2891,9,0,11,laughs
2892,9,0,12,leaves_room
2893,9,0,13,starts_conversation
2894,9,0,14,leaves_room
2895,9,0,15,starts_conversation
2896,9,0,16,leaves_room
2897,9,0,17,starts_conversation
2898,9,0,18,laughs
2899,9,0,19,leaves_room
2900,9,0,20,shouts
2901,9,0,21,starts_conversation
2902,9,0,22,leaves_room
2903,9,0,23,brags
2904,9,0,24,leaves_room
2905,9,0,25,starts_conversation
2906,9,0,26,stands_in_corner
2907,9,0,27,gives_an_insult
2908,9,0,28,leaves_room
2909,9,0,29,starts_conversation
2910,9,0,30,changes_the_topic
2911,9,0,31,starts_conversation
2912,9,1,32,gives_controversial_opinion
2913,9,1,33,makes_smalltalk
2914,9,1,34,shows_concern
2915,9,1,35,leaves_room
2916,9,1,36,shows_concern
2917,9,1,37,leaves_room
2918,9,1,38,supports
2919,9,1,39,shows_interest
2920,9,1,40,makes_smalltalk
2921,9,1,41,stands_in_corner
2922,9,1,42,shows_interest
2923,9,1,43,changes_the_topic
2924,9,1,44,leaves_room
2925,9,1,45,changes_the_topic
2926,9,1,46,stands_in_corner
2927,9,1,47,laughs
2928,9,1,48,starts_conversation
2929,9,1,49,shouts
2930,9,1,50,shows_interest
2931,9,1,51,leaves_room
2932,9,1,52,makes_deeptalk
2933,9,1,53,shows_concern
2934,9,1,54,leaves_room
2935,9,1,55,leaves_conversation
2936,9,1,56,stands_in_corner
2937,9,1,57,shares
2938,9,1,58,leaves_room
2939,9,1,59,shouts
2940,9,1,60,starts_conversation
2941,9,1,61,makes_deeptalk
2942,9,1,62,changes_the_topic
2943,9,1,63,shows_interest
2944,9,2,64,gives_controversial_opinion
2945,9,2,65,makes_smalltalk
2946,9,2,66,supports
2947,9,2,67,starts_conversation
2948,9,2,68,makes_deeptalk
2949,9,2,69,rants
2950,9,2,70,yawns
2951,9,2,71,supports
2952,9,2,72,supports
2953,9,2,73,jokes
2954,9,2,74,gives_an_insult
2955,9,2,75,yawns
2956,9,2,76,starts_conversation
2957,9,2,77,yawns
2958,9,2,78,shows_concern
2959,9,2,79,supports
2960,9,2,80,shows_interest
2961,9,2,81,leaves_room
2962,9,2,82,shows_interest
2963,9,2,83,jokes
2964,9,2,84,laughs
2965,9,2,85,gives_an_insult
2966,9,2,86,starts_conversation
2967,9,2,87,stands_in_corner
2968,9,2,88,leaves_room
2969,9,2,89,makes_smalltalk
2970,9,2,90,makes_deeptalk
2971,9,2,91,laughs
2972,9,2,92,jokes
2973,9,2,93,supports
2974,9,2,94,rants
2975,9,2,95,yawns
2976,9,3,96,yawns
2977,9,3,97,gives_an_insult
2978,9,3,98,gives_controversial_opinion
2979,9,3,99,shows_concern
2980,9,3,100,shares
2981,9,3,101,supports
2982,9,3,102,shows_concern
2983,9,3,103,shares
2984,9,3,104,laughs
2985,9,3,105,gives_an_insult
2986,9,3,106,gives_controversial_opinion
2987,9,3,107,changes_the_topic
2988,9,3,108,laughs
2989,9,3,109,changes_the_topic
2990,9,3,110,shows_concern
2991,9,3,111,brags
2992,9,3,112,laughs
2993,9,3,113,starts_conversation
2994,9,3,114,jokes
2995,9,3,115,yawns
2996,9,3,116,makes_deeptalk
2997,9,3,117,rants
2998,9,3,118,shouts
2999,9,3,119,stands_in_corner
3000,9,3,120,laughs
3001,9,3,121,yawns
3002,9,3,122,makes_deeptalk
3003,9,3,123,shows_concern
3004,9,3,124,gives_an_insult
3005,9,3,125,shares
3006,9,3,126,jokes
3007,9,3,127,jokes
3008,9,4,128,yawns
3009,9,4,129,brags
3010,9,4,130,shows_interest
3011,9,4,131,shows_concern
3012,9,4,132,gives_an_insult
3013,9,4,133,gives_controversial_opinion
3014,9,4,134,changes_the_topic
3015,9,4,135,supports
3016,9,4,136,makes_smalltalk
3017,9,4,137,jokes
3018,9,4,138,makes_deeptalk
3019,9,4,139,shouts
3020,9,4,140,brags
3021,9,4,141,shows_concern
3022,9,4,142,shouts
3023,9,4,143,makes_smalltalk
3024,9,4,144,yawns
3025,9,4,145,laughs
3026,9,4,146,shows_interest
3027,9,4,147,shouts
3028,9,4,148,rants
3029,9,4,149,rants
3030,9,4,150,shouts
3031,9,4,151,starts_conversation
3032,9,4,152,rants
3033,9,4,153,yawns
3034,9,4,154,makes_smalltalk
3035,9,4,155,shows_interest
3036,9,4,156,jokes
3037,9,4,157,shows_concern
3038,9,4,158,gives_controversial_opinion
3039,9,4,159,changes_the_topic
3040,9,5,160,yawns
3041,9,5,161,shares
3042,9,5,162,laughs
3043,9,5,163,laughs
3044,9,5,164,brags
3045,9,5,165,yawns
3046,9,5,166,supports
3047,9,5,167,shows_interest
3048,9,5,168,supports
3049,9,5,169,laughs
3050,9,5,170,gives_an_insult
3051,9,5,171,leaves_conversation
3052,9,5,172,shows_concern
3053,9,5,173,changes_the_topic
3054,9,5,174,shares
3055,9,5,175,makes_smalltalk
3056,9,5,176,brags
3057,9,5,177,shows_concern
3058,9,5,178,laughs
3059,9,5,179,leaves_conversation
3060,9,5,180,gives_controversial_opinion
3061,9,5,181,shows_interest
3062,9,5,182,makes_smalltalk
3063,9,5,183,shows_concern
3064,9,5,184,jokes
3065,9,5,185,gives_an_insult
3066,9,5,186,shares
3067,9,5,187,yawns
3068,9,5,188,supports
3069,9,5,189,yawns
3070,9,5,190,jokes
3071,9,5,191,rants
3072,9,6,192,yawns
3073,9,6,193,brags
3074,9,6,194,makes_deeptalk
3075,9,6,195,stands_in_corner
3076,9,6,196,changes_the_topic
3077,9,6,197,shares
3078,9,6,198,stands_in_corner
3079,9,6,199,shouts
3080,9,6,200,shows_interest
3081,9,6,201,laughs
3082,9,6,202,shows_concern
3083,9,6,203,starts_conversation
3084,9,6,204,gives_an_insult
3085,9,6,205,rants
3086,9,6,206,rants
3087,9,6,207,laughs
3088,9,6,208,changes_the_topic
3089,9,6,209,rants
3090,9,6,210,shows_interest
3091,9,6,211,starts_conversation
3092,9,6,212,gives_an_insult
3093,9,6,213,rants
3094,9,6,214,rants
3095,9,6,215,gives_an_insult
3096,9,6,216,makes_smalltalk
3097,9,6,217,supports
3098,9,6,218,laughs
3099,9,6,219,brags
3100,9,6,220,brags
3101,9,6,221,shares
3102,9,6,222,shows_concern
3103,9,6,223,jokes
3104,9,7,224,yawns
3105,9,7,225,gives_controversial_opinion
3106,9,7,226,supports
3107,9,7,227,shows_concern
3108,9,7,228,shows_concern
3109,9,7,229,shouts
3110,9,7,230,laughs
3111,9,7,231,makes_deeptalk
3112,9,7,232,brags
3113,9,7,233,gives_controversial_opinion
3114,9,7,234,makes_deeptalk
3115,9,7,235,gives_an_insult
3116,9,7,236,shouts
3117,9,7,237,makes_smalltalk
3118,9,7,238,changes_the_topic
3119,9,7,239,jokes
3120,9,7,240,shares
3121,9,7,241,makes_deeptalk
3122,9,7,242,makes_deeptalk
3123,9,7,243,shows_concern
3124,9,7,244,makes_deeptalk
3125,9,7,245,shows_concern
3126,9,7,246,jokes
3127,9,7,247,yawns
3128,9,7,248,gives_controversial_opinion
3129,9,7,249,leaves_conversation
3130,9,7,250,shows_interest
3131,9,7,251,makes_smalltalk
3132,9,7,252,brags
3133,9,7,253,gives_controversial_opinion
3134,9,7,254,shows_interest
3135,9,7,255,laughs
3136,9,8,256,leaves_conversation
3137,9,8,257,laughs
3138,9,8,258,rants
3139,9,8,259,shouts
3140,9,8,260,rants
3141,9,8,261,shouts
3142,9,8,262,supports
3143,9,8,263,shows_interest
3144,9,8,264,leaves_room
3145,9,8,265,shares
3146,9,8,266,shows_concern
3147,9,8,267,laughs
3148,9,8,268,yawns
3149,9,8,269,shows_interest
3150,9,8,270,makes_deeptalk
3151,9,8,271,shares
3152,9,8,272,changes_the_topic
3153,9,8,273,brags
3154,9,8,274,makes_deeptalk
3155,9,8,275,brags
3156,9,8,276,laughs
3157,9,8,277,brags
3158,9,8,278,shows_interest
3159,9,8,279,rants
3160,9,8,280,jokes
3161,9,8,281,starts_conversation
3162,9,8,282,jokes
3163,9,8,283,changes_the_topic
3164,9,8,284,shares
3165,9,8,285,makes_deeptalk
3166,9,8,286,brags
3167,9,8,287,gives_controversial_opinion
3168,9,9,288,stands_in_corner
3169,9,9,289,makes_smalltalk
3170,9,9,290,rants
3171,9,9,291,shows_concern
3172,9,9,292,laughs
3173,9,9,293,shares
3174,9,9,294,supports
3175,9,9,295,brags
3176,9,9,296,leaves_room
3177,9,9,297,gives_an_insult
3178,9,9,298,supports
3179,9,9,299,changes_the_topic
3180,9,9,300,gives_controversial_opinion
3181,9,9,301,leaves_conversation
3182,9,9,302,leaves_conversation
3183,9,9,303,makes_smalltalk
3184,9,9,304,jokes
3185,9,9,305,makes_smalltalk
3186,9,9,306,shares
3187,9,9,307,gives_an_insult
3188,9,9,308,stands_in_corner
3189,9,9,309,makes_smalltalk
3190,9,9,310,supports
3191,9,9,311,laughs
3192,9,9,312,laughs
3193,9,9,313,leaves_conversation
3194,9,9,314,yawns
3195,9,9,315,shows_interest
3196,9,9,316,makes_smalltalk
3197,9,9,317,changes_the_topic
3198,9,9,318,supports
3199,9,9,319,leaves_conversation
